-- MySQL dump 10.13  Distrib 5.5.53, for debian-linux-gnu (x86_64)
--
-- Host: localhost    Database: vulgairedev
-- ------------------------------------------------------
-- Server version	5.5.53-0+deb7u1

/*!40101 SET @OLD_CHARACTER_SET_CLIENT=@@CHARACTER_SET_CLIENT */;
/*!40101 SET @OLD_CHARACTER_SET_RESULTS=@@CHARACTER_SET_RESULTS */;
/*!40101 SET @OLD_COLLATION_CONNECTION=@@COLLATION_CONNECTION */;
/*!40101 SET NAMES utf8 */;
/*!40103 SET @OLD_TIME_ZONE=@@TIME_ZONE */;
/*!40103 SET TIME_ZONE='+00:00' */;
/*!40014 SET @OLD_UNIQUE_CHECKS=@@UNIQUE_CHECKS, UNIQUE_CHECKS=0 */;
/*!40014 SET @OLD_FOREIGN_KEY_CHECKS=@@FOREIGN_KEY_CHECKS, FOREIGN_KEY_CHECKS=0 */;
/*!40101 SET @OLD_SQL_MODE=@@SQL_MODE, SQL_MODE='NO_AUTO_VALUE_ON_ZERO' */;
/*!40111 SET @OLD_SQL_NOTES=@@SQL_NOTES, SQL_NOTES=0 */;

--
-- Current Database: `vulgairedev`
--

CREATE DATABASE /*!32312 IF NOT EXISTS*/ `vulgairedev` /*!40100 DEFAULT CHARACTER SET utf8 */;

USE `vulgairedev`;

--
-- Table structure for table `auth_group`
--

DROP TABLE IF EXISTS `auth_group`;
/*!40101 SET @saved_cs_client     = @@character_set_client */;
/*!40101 SET character_set_client = utf8 */;
CREATE TABLE `auth_group` (
  `id` int(11) NOT NULL AUTO_INCREMENT,
  `name` varchar(80) NOT NULL,
  PRIMARY KEY (`id`),
  UNIQUE KEY `name` (`name`)
) ENGINE=InnoDB DEFAULT CHARSET=utf8;
/*!40101 SET character_set_client = @saved_cs_client */;

--
-- Dumping data for table `auth_group`
--

LOCK TABLES `auth_group` WRITE;
/*!40000 ALTER TABLE `auth_group` DISABLE KEYS */;
/*!40000 ALTER TABLE `auth_group` ENABLE KEYS */;
UNLOCK TABLES;

--
-- Table structure for table `auth_group_permissions`
--

DROP TABLE IF EXISTS `auth_group_permissions`;
/*!40101 SET @saved_cs_client     = @@character_set_client */;
/*!40101 SET character_set_client = utf8 */;
CREATE TABLE `auth_group_permissions` (
  `id` int(11) NOT NULL AUTO_INCREMENT,
  `group_id` int(11) NOT NULL,
  `permission_id` int(11) NOT NULL,
  PRIMARY KEY (`id`),
  UNIQUE KEY `auth_group_permissions_group_id_0cd325b0_uniq` (`group_id`,`permission_id`),
  KEY `auth_group_permissi_permission_id_84c5c92e_fk_auth_permission_id` (`permission_id`),
  CONSTRAINT `auth_group_permissions_group_id_b120cbf9_fk_auth_group_id` FOREIGN KEY (`group_id`) REFERENCES `auth_group` (`id`),
  CONSTRAINT `auth_group_permissi_permission_id_84c5c92e_fk_auth_permission_id` FOREIGN KEY (`permission_id`) REFERENCES `auth_permission` (`id`)
) ENGINE=InnoDB DEFAULT CHARSET=utf8;
/*!40101 SET character_set_client = @saved_cs_client */;

--
-- Dumping data for table `auth_group_permissions`
--

LOCK TABLES `auth_group_permissions` WRITE;
/*!40000 ALTER TABLE `auth_group_permissions` DISABLE KEYS */;
/*!40000 ALTER TABLE `auth_group_permissions` ENABLE KEYS */;
UNLOCK TABLES;

--
-- Table structure for table `auth_permission`
--

DROP TABLE IF EXISTS `auth_permission`;
/*!40101 SET @saved_cs_client     = @@character_set_client */;
/*!40101 SET character_set_client = utf8 */;
CREATE TABLE `auth_permission` (
  `id` int(11) NOT NULL AUTO_INCREMENT,
  `name` varchar(255) NOT NULL,
  `content_type_id` int(11) NOT NULL,
  `codename` varchar(100) NOT NULL,
  PRIMARY KEY (`id`),
  UNIQUE KEY `auth_permission_content_type_id_01ab375a_uniq` (`content_type_id`,`codename`),
  CONSTRAINT `auth_permissi_content_type_id_2f476e4b_fk_django_content_type_id` FOREIGN KEY (`content_type_id`) REFERENCES `django_content_type` (`id`)
) ENGINE=InnoDB AUTO_INCREMENT=37 DEFAULT CHARSET=utf8;
/*!40101 SET character_set_client = @saved_cs_client */;

--
-- Dumping data for table `auth_permission`
--

LOCK TABLES `auth_permission` WRITE;
/*!40000 ALTER TABLE `auth_permission` DISABLE KEYS */;
INSERT INTO `auth_permission` VALUES (1,'Can add log entry',1,'add_logentry'),(2,'Can change log entry',1,'change_logentry'),(3,'Can delete log entry',1,'delete_logentry'),(4,'Can add permission',2,'add_permission'),(5,'Can change permission',2,'change_permission'),(6,'Can delete permission',2,'delete_permission'),(7,'Can add group',3,'add_group'),(8,'Can change group',3,'change_group'),(9,'Can delete group',3,'delete_group'),(10,'Can add user',4,'add_user'),(11,'Can change user',4,'change_user'),(12,'Can delete user',4,'delete_user'),(13,'Can add content type',5,'add_contenttype'),(14,'Can change content type',5,'change_contenttype'),(15,'Can delete content type',5,'delete_contenttype'),(16,'Can add session',6,'add_session'),(17,'Can change session',6,'change_session'),(18,'Can delete session',6,'delete_session'),(19,'Can add article',7,'add_article'),(20,'Can change article',7,'change_article'),(21,'Can delete article',7,'delete_article'),(22,'Can add article proposition',8,'add_articleproposition'),(23,'Can change article proposition',8,'change_articleproposition'),(24,'Can delete article proposition',8,'delete_articleproposition'),(25,'Can add categorie',9,'add_categorie'),(26,'Can change categorie',9,'change_categorie'),(27,'Can delete categorie',9,'delete_categorie'),(28,'Can add message',10,'add_message'),(29,'Can change message',10,'change_message'),(30,'Can delete message',10,'delete_message'),(31,'Can add captcha store',11,'add_captchastore'),(32,'Can change captcha store',11,'change_captchastore'),(33,'Can delete captcha store',11,'delete_captchastore'),(34,'Can add site',12,'add_site'),(35,'Can change site',12,'change_site'),(36,'Can delete site',12,'delete_site');
/*!40000 ALTER TABLE `auth_permission` ENABLE KEYS */;
UNLOCK TABLES;

--
-- Table structure for table `auth_user`
--

DROP TABLE IF EXISTS `auth_user`;
/*!40101 SET @saved_cs_client     = @@character_set_client */;
/*!40101 SET character_set_client = utf8 */;
CREATE TABLE `auth_user` (
  `id` int(11) NOT NULL AUTO_INCREMENT,
  `password` varchar(128) NOT NULL,
  `last_login` datetime DEFAULT NULL,
  `is_superuser` tinyint(1) NOT NULL,
  `username` varchar(30) NOT NULL,
  `first_name` varchar(30) NOT NULL,
  `last_name` varchar(30) NOT NULL,
  `email` varchar(254) NOT NULL,
  `is_staff` tinyint(1) NOT NULL,
  `is_active` tinyint(1) NOT NULL,
  `date_joined` datetime NOT NULL,
  PRIMARY KEY (`id`),
  UNIQUE KEY `username` (`username`)
) ENGINE=InnoDB AUTO_INCREMENT=13 DEFAULT CHARSET=utf8;
/*!40101 SET character_set_client = @saved_cs_client */;

--
-- Dumping data for table `auth_user`
--

LOCK TABLES `auth_user` WRITE;
/*!40000 ALTER TABLE `auth_user` DISABLE KEYS */;
INSERT INTO `auth_user` VALUES (1,'pbkdf2_sha256$20000$Rs8XCB69hhbI$TA7QRiaRGqmI0WNL44is2CUK+orWxO4H+d/F+bYbebw=','2017-03-10 10:58:27',1,'adminVulgaireDev','','','erinthril@laposte.net',1,1,'2015-11-26 21:14:33'),(2,'pbkdf2_sha256$20000$ZEaCWzyPw5W8$UZzSRIQl38P6kMKXfaBmACBzQCmWDN0pquBFhLlpHGU=','2016-01-13 22:54:51',0,'VulgaireDev','','','vulgairedev@gmail.com',0,1,'2015-12-28 12:47:05'),(3,'pbkdf2_sha256$24000$JLCk1TRasXOb$YO7gUPnjG2HZ6KNO7G9SC+EGFyLLzYKkYtfpivbGTEA=','2015-12-28 13:48:35',0,'morganderet','','','morgan.deret45@gmail.com',0,1,'2015-12-28 13:48:19'),(4,'pbkdf2_sha256$24000$6BnFakU1M5Ed$D4HUXJw63FKMbSKUscoCMeW2Lo/loqzNw3tPNDyxp6M=','2016-01-11 10:08:18',0,'Draedixe','','','alexis.margottin@gmail.com',0,1,'2015-12-30 12:37:04'),(5,'pbkdf2_sha256$20000$JRF4jN8RbkLl$Rdu2BPSQnfRnXZmD1XGdaxg6SsFW74slwJbKbmlDZUs=','2016-05-09 08:19:42',0,'Haalford','','','tomfavrot@hotmail.fr',0,1,'2016-01-03 19:03:22'),(6,'pbkdf2_sha256$24000$ArlNSmfUMHe1$Kh17AC0Mep8sPgIZ9+T0w0XI/FrP/EesGCXlk8H9AZ0=','2016-01-05 09:21:27',0,'Raph55','','','raph55@laposte.net',0,1,'2016-01-05 09:21:01'),(7,'pbkdf2_sha256$24000$JBfz26Dz7rYp$0O4lPFhVD8uA5mJkSTdlvx07vo+yAEA3QglCpCsPo6M=','2016-01-10 14:17:47',0,'WinterNis','','','nicolas_nativel_974@hotmail.fr',1,1,'2016-01-10 14:17:47'),(9,'pbkdf2_sha256$24000$ytU9dBfSBRXH$R0PmE3m6yVH+YVZB0bWI5IoUllgw4zN+HuaiyqfGcbY=','2016-01-30 09:43:03',0,'Romain','','','roro@laposte.net',0,1,'2016-01-30 09:43:03'),(10,'pbkdf2_sha256$20000$ccA1lep7K0hh$LLS8dsMFMhRKdt2hxA0d0XRU+sZ0Ql6t8aDPoKoo5g0=','2016-05-30 12:57:23',0,'machin','','','dda@laposte.net',0,1,'2016-05-30 12:57:23'),(12,'pbkdf2_sha256$20000$tyzb1Z4s5OAu$3BHHDgByiIV8Z7u+pMtmAxZvXBHXeJgkCP9CJZhWL8M=','2016-07-05 13:47:30',0,'SunTasked','','','guillaume.kheng@gmail.com',0,1,'2016-07-05 13:47:30');
/*!40000 ALTER TABLE `auth_user` ENABLE KEYS */;
UNLOCK TABLES;

--
-- Table structure for table `auth_user_groups`
--

DROP TABLE IF EXISTS `auth_user_groups`;
/*!40101 SET @saved_cs_client     = @@character_set_client */;
/*!40101 SET character_set_client = utf8 */;
CREATE TABLE `auth_user_groups` (
  `id` int(11) NOT NULL AUTO_INCREMENT,
  `user_id` int(11) NOT NULL,
  `group_id` int(11) NOT NULL,
  PRIMARY KEY (`id`),
  UNIQUE KEY `auth_user_groups_user_id_94350c0c_uniq` (`user_id`,`group_id`),
  KEY `auth_user_groups_group_id_97559544_fk_auth_group_id` (`group_id`),
  CONSTRAINT `auth_user_groups_group_id_97559544_fk_auth_group_id` FOREIGN KEY (`group_id`) REFERENCES `auth_group` (`id`),
  CONSTRAINT `auth_user_groups_user_id_6a12ed8b_fk_auth_user_id` FOREIGN KEY (`user_id`) REFERENCES `auth_user` (`id`)
) ENGINE=InnoDB DEFAULT CHARSET=utf8;
/*!40101 SET character_set_client = @saved_cs_client */;

--
-- Dumping data for table `auth_user_groups`
--

LOCK TABLES `auth_user_groups` WRITE;
/*!40000 ALTER TABLE `auth_user_groups` DISABLE KEYS */;
/*!40000 ALTER TABLE `auth_user_groups` ENABLE KEYS */;
UNLOCK TABLES;

--
-- Table structure for table `auth_user_user_permissions`
--

DROP TABLE IF EXISTS `auth_user_user_permissions`;
/*!40101 SET @saved_cs_client     = @@character_set_client */;
/*!40101 SET character_set_client = utf8 */;
CREATE TABLE `auth_user_user_permissions` (
  `id` int(11) NOT NULL AUTO_INCREMENT,
  `user_id` int(11) NOT NULL,
  `permission_id` int(11) NOT NULL,
  PRIMARY KEY (`id`),
  UNIQUE KEY `auth_user_user_permissions_user_id_14a6b632_uniq` (`user_id`,`permission_id`),
  KEY `auth_user_user_perm_permission_id_1fbb5f2c_fk_auth_permission_id` (`permission_id`),
  CONSTRAINT `auth_user_user_permissions_user_id_a95ead1b_fk_auth_user_id` FOREIGN KEY (`user_id`) REFERENCES `auth_user` (`id`),
  CONSTRAINT `auth_user_user_perm_permission_id_1fbb5f2c_fk_auth_permission_id` FOREIGN KEY (`permission_id`) REFERENCES `auth_permission` (`id`)
) ENGINE=InnoDB AUTO_INCREMENT=3 DEFAULT CHARSET=utf8;
/*!40101 SET character_set_client = @saved_cs_client */;

--
-- Dumping data for table `auth_user_user_permissions`
--

LOCK TABLES `auth_user_user_permissions` WRITE;
/*!40000 ALTER TABLE `auth_user_user_permissions` DISABLE KEYS */;
INSERT INTO `auth_user_user_permissions` VALUES (1,7,19),(2,7,20);
/*!40000 ALTER TABLE `auth_user_user_permissions` ENABLE KEYS */;
UNLOCK TABLES;

--
-- Table structure for table `blog_article`
--

DROP TABLE IF EXISTS `blog_article`;
/*!40101 SET @saved_cs_client     = @@character_set_client */;
/*!40101 SET character_set_client = utf8 */;
CREATE TABLE `blog_article` (
  `id` int(11) NOT NULL AUTO_INCREMENT,
  `titre` varchar(100) NOT NULL,
  `auteur_id` int(11) NOT NULL,
  `contenu` longtext NOT NULL,
  `date` datetime NOT NULL,
  `slug` varchar(100) NOT NULL,
  `publie` tinyint(1) NOT NULL,
  `preview` longtext NOT NULL,
  `urlGitHub` varchar(200) DEFAULT NULL,
  PRIMARY KEY (`id`),
  KEY `blog_article_2dbcba41` (`slug`),
  KEY `blog_article_auteur_id_762d9f93_uniq` (`auteur_id`),
  CONSTRAINT `blog_article_auteur_id_762d9f93_fk_auth_user_id` FOREIGN KEY (`auteur_id`) REFERENCES `auth_user` (`id`)
) ENGINE=InnoDB AUTO_INCREMENT=39 DEFAULT CHARSET=utf8;
/*!40101 SET character_set_client = @saved_cs_client */;

--
-- Dumping data for table `blog_article`
--

LOCK TABLES `blog_article` WRITE;
/*!40000 ALTER TABLE `blog_article` DISABLE KEYS */;
INSERT INTO `blog_article` VALUES (5,'pow(2,n) | 2 << n',2,'<p>Vous d&eacute;veloppez une application quelconque. Certains &eacute;l&eacute;ments de cette application (des boutons, des barres de recherche, etc) peuvent &ecirc;tre affich&eacute;s ou non selon l&#39;identit&eacute; de l&#39;utilisateur : il peut &ecirc;tre admin, mod&eacute;rateur, ou utilisateur de base. Par exemple, l&#39;admin voit tous les boutons existants : supprimer un article sur un blog, le modifier, l&#39;ajouter, alors que l&#39;utilisateur de base ne peut que consulter l&#39;article.</p>\r\n\r\n<p>La question est la suivante : &quot;S&#39;il y a n &eacute;l&eacute;ments dans ma fen&ecirc;tre, combien de vues diff&eacute;rentes sur ladite fen&ecirc;tre puis-je avoir?&quot;</p>\r\n\r\n<p>R&eacute;ponse : <img alt=\"2^{n}\" src=\"http://latex.codecogs.com/gif.latex?2%5E%7Bn%7D\" /></p>\r\n\r\n<p>En effet, l&#39;ensemble des possibilit&eacute;s, c&#39;est l&#39;ensemble des fa&ccedil;ons d&#39;afficher un seul &eacute;l&eacute;ment dans ma fen&ecirc;tre, plus l&#39;ensemble des fa&ccedil;ons d&#39;en afficher deux etc. Ce raisonement nous m&egrave;ne &agrave; la formule suivante :</p>\r\n\r\n<p><span class=\"math-tex\">\\(\\sum\\limits_{k=0}^n \\binom{n}{k} = \\sum\\limits_{k=0}^n \\binom{n}{k}1^{n}1^{n-k} = (1+1)^{n} = 2^{n}\\)</span></p>\r\n\r\n<p>(d&#39;apr&egrave;s la formule du Bin&ocirc;me de Newton)</p>\r\n\r\n<p>Bon c&#39;est bien mignon mais il est possible de trouver plus simplement.</p>\r\n\r\n<p>Si on num&eacute;rote les &eacute;l&eacute;ments dans cette fen&ecirc;tre (pour les identifier par pour leur donner un ordre), et si on se rappelle que chaque &eacute;l&eacute;ment a <strong>2 </strong>&eacute;tats possibles, activ&eacute; ou d&eacute;sactiv&eacute;, alors on comprend vite qu&#39;on est face &agrave; un mot binaire de n bits. Le nombre de possibilit&eacute;s vient ensuite tr&egrave;s simplement puisque pour l&#39;&eacute;lement 1 on a deux possibilit&eacute;s, pour le 2 on a deux possibilit&eacute;s donc 2*2 = 4 combinaisons possibles, pour le 3 on a deux possibilit&eacute;s aussi donc 4*2 = 8 combinaisons possibles, etc. On trouve bien encore une fois <img alt=\"2^{n}\" src=\"http://latex.codecogs.com/gif.latex?2%5E%7Bn%7D\" /> possibilit&eacute;s.<br />\r\n&nbsp;</p>\r\n\r\n<p>On peut aussi d&eacute;montrer &ccedil;a par r&eacute;curence, je ne fais pas la d&eacute;mo compl&egrave;te par soucis de concision, mais si au rang n on a <img alt=\"2^{n}\" src=\"http://latex.codecogs.com/gif.latex?2%5E%7Bn%7D\" /> possibilit&eacute;s, le fait d&#39;ajouter un &eacute;l&eacute;ment double les possibilit&eacute;s, car maintenant on a <img alt=\"2^{n}\" src=\"http://latex.codecogs.com/gif.latex?2%5E%7Bn%7D\" /> possibilit&eacute;s avec le nouvel &eacute;l&eacute;ment activ&eacute;, et <img alt=\"2^{n}\" src=\"http://latex.codecogs.com/gif.latex?2%5E%7Bn%7D\" /> possibilit&eacute;s sans l&#39;&eacute;l&eacute;ment activ&eacute;, ce qui fait qu&#39;on a bien <img alt=\"2^{n+1}\" src=\"http://latex.codecogs.com/gif.latex?2%5E%7Bn&amp;plus;1%7D\" /> possibilit&eacute;s au rang n+1.</p>\r\n\r\n<h3>&nbsp;</h3>\r\n\r\n<h2><strong>Le probl&egrave;me de d&eacute;coupe des barres.</strong></h2>\r\n\r\n<p>Admettons que je travaille dans la metallurgie. Je souhaite gagner un maximum d&#39;argent et je dispose d&#39;une grande barre en acier, de taille n. J&#39;ai aussi &agrave; ma disposition une scie, qui me permet de couper la barre &agrave; ma guise, avec pour limite que je ne coupe la barre que de sorte &agrave; avoir des morceaux dont les longueurs soient des entiers. Enfin, je poss&egrave;de un tableau qui me donne les cours du march&eacute; selon la longueur de la barre.</p>\r\n\r\n<p>Comment est-ce que je coupe ma barre de sorte &agrave; maximiser mon profit?</p>\r\n\r\n<div style=\"text-align:center\">\r\n<figure class=\"image\" style=\"display:inline-block\"><img alt=\"Trois exemples de découpe de barre \" height=\"266\" src=\"/media/uploads/2015/11/29/barres.png\" width=\"302\" />\r\n<figcaption>3 exemples de d&eacute;coupe diff&eacute;rents</figcaption>\r\n</figure>\r\n</div>\r\n\r\n<p>&nbsp;</p>\r\n\r\n<p>On ne va pas r&eacute;soudre le probl&egrave;me ici ce n&#39;est pas le sujet, mais simplement calculer le nombre de possibilit&eacute;s de coupe.</p>\r\n\r\n<p>Plut&ocirc;t que de calculer le nombre de fa&ccedil;on d&#39;avoir des morceaux d&#39;acier diff&eacute;rents, il est plus simple de calculer le nombre de coupes differentes possibles, ce qui revient au m&ecirc;me.</p>\r\n\r\n<p>On revient donc exactement au m&ecirc;me probl&egrave;me que pr&eacute;cedemment, puisque le nombre de coupes diff&eacute;rentes est &eacute;gale au nombre de fa&ccedil;ons d&#39;effectuer une seule coupe, plus le nombre de fa&ccedil;ons d&#39;en faire deux etc, ce qui nous m&egrave;ne, comme nous l&#39;avons vu pr&eacute;cedemment &agrave; <img alt=\"2^{n+1}\" src=\"http://latex.codecogs.com/gif.latex?2%5E%7Bn&amp;plus;1%7D\" /> possibilit&eacute;s.</p>\r\n\r\n<p>&nbsp;</p>\r\n\r\n<p>&nbsp;</p>\r\n\r\n<p>&nbsp;</p>\r\n\r\n<p>&nbsp;</p>','2015-11-14 20:10:04','2-puissance-n',1,'<p>En info on entend souvent parler de <img alt=\"2^{n}\" src=\"http://latex.codecogs.com/gif.latex?2%5E%7Bn%7D\" />, parfois sans explications claires. On va essayer de d&eacute;broussailler le sujet, et de comprendre avec quelques exemples.</p>\r\n\r\n<p>&nbsp;</p>',''),(6,'Combat de Poule',2,'<p>&nbsp;Prenons un sport, le Judo par exemple. Dans les comp&eacute;titions de Judo il y a des groupements de comp&eacute;titeurs, appell&eacute;s &quot;poules&quot; (les groupements, pas les comp&eacute;titeurs). Chacun doit combattre contre tous les autres adversaires de la poule, afin d&#39;&eacute;tablir un classement, dont le premier, et parfois le deuxi&egrave;me peuvent continuer la comp&eacute;tion : huit&egrave;me de finale, quart, demi et finale.</p>\r\n\r\n<p>Question : Combien de combats sont organis&eacute;s par poule?</p>\r\n\r\n<p>On va mod&eacute;liser le probl&egrave;me avec un graphe : les noeuds repr&eacute;sentent les combattants, les arcs les combats entre judokas.&nbsp; Une bonne m&eacute;thode pour comprendre est de reconstruire l&#39;ensemble des combats qui auront lieu.</p>\r\n\r\n<p>&nbsp;</p>\r\n\r\n<div style=\"text-align:center\">\r\n<figure class=\"image\" style=\"display:inline-block\"><img alt=\"\" height=\"306\" src=\"/media/uploads/adminVulgaireDev/2016/05/08/poule1.png\" width=\"348\" />\r\n<figcaption>Chaque num&eacute;ro correspond &agrave; un combattant</figcaption>\r\n</figure>\r\n</div>\r\n\r\n<p>&nbsp;</p>\r\n\r\n<div style=\"text-align:center\">\r\n<figure class=\"image\" style=\"display:inline-block\"><img alt=\"\" height=\"288\" src=\"/media/uploads/adminVulgaireDev/2016/05/08/poule2.png\" width=\"327\" />\r\n<figcaption>&nbsp;Pour n combattants, le combattant 1 aura n-1 rencontres, car il rencontre chacun des autres adversaires (il ne combat pas contre lui-m&ecirc;me bien &eacute;videmment), on tisse donc n-1 arcs.</figcaption>\r\n</figure>\r\n</div>\r\n\r\n<p>&nbsp;</p>\r\n\r\n<div style=\"text-align:center\">\r\n<figure class=\"image\" style=\"display:inline-block\"><img alt=\"\" height=\"296\" src=\"/media/uploads/adminVulgaireDev/2016/05/08/poule3.png\" width=\"336\" />\r\n<figcaption>Le combattant 2 aura n-1 randoris aussi, mais l&#39;arc vers le combattant 1 a d&eacute;j&agrave; &eacute;t&eacute; tiss&eacute;, on ne tisse donc que n-2 liens.</figcaption>\r\n</figure>\r\n</div>\r\n\r\n<div style=\"text-align:center\">\r\n<figure class=\"image\" style=\"display:inline-block\"><img alt=\"\" height=\"269\" src=\"/media/uploads/adminVulgaireDev/2016/05/08/poule4.png\" width=\"306\" />\r\n<figcaption>Et ainsi de suite</figcaption>\r\n</figure>\r\n</div>\r\n\r\n<p style=\"text-align:center\"><img alt=\"\" height=\"341\" src=\"/media/uploads/adminVulgaireDev/2016/05/08/poule5.png\" width=\"388\" /></p>\r\n\r\n<p>&nbsp;</p>\r\n\r\n<p>Le nombre total de liens tiss&eacute;s est donc :</p>\r\n\r\n<p>&nbsp;</p>\r\n\r\n<div style=\"text-align:center\">\r\n<figure class=\"image\" style=\"display:inline-block\"><img alt=\"(n-1)+(n-2)+(n-3)+...+1+0 =\\sum \\limits_{k=1}^{n-1} n-k = \\sum \\limits_{k=1}^{n-1} k = {\\frac{n(n-1)}{2}}\" src=\"http://latex.codecogs.com/gif.latex?%28n-1%29&amp;plus;%28n-2%29&amp;plus;%28n-3%29&amp;plus;...&amp;plus;1&amp;plus;0%20%3D%5Csum%20%5Climits_%7Bk%3D1%7D%5E%7Bn-1%7D%20n-k%20%3D%20%5Csum%20%5Climits_%7Bk%3D1%7D%5E%7Bn-1%7D%20k%20%3D%20%7B%5Cfrac%7Bn%28n-1%29%7D%7B2%7D%7D\" />\r\n<figcaption>Car il s&#39;agit d&#39;une suite arithm&eacute;tique de raison 1 commen&ccedil;ant &agrave; 1.</figcaption>\r\n</figure>\r\n</div>\r\n\r\n<p>&nbsp;</p>\r\n\r\n<p>Soit dit en passant, ce probl&egrave;me est celui du nombre d&#39;arcs dans un graphe complet.</p>\r\n\r\n<p>Ce qui signifie que pour une poule de 5, on a 10 rencontres, pour une poule de 6 on a 15 rencontres. Au del&agrave;, on commence &agrave; avoir trop de rencontres (Imaginez des poules de 10, on aurait 45 rencontres), ce qui fait trop durer la comp&eacute;tition, c&#39;est pourquoi on voit rarement des poules contenant plus de 6 personnes.</p>\r\n\r\n<p>&nbsp;</p>\r\n\r\n<p>&nbsp;</p>\r\n','2015-12-05 14:01:50','combat-de-poule',1,'<p>Dans le sport, avant les phases dites finales d&#39;une comp&eacute;tition, on a droit aux phases de poule. Mais combien de combats sont organis&eacute;s par poule ? C&#39;est ce qu&#39;on va expliquer aujourd&#39;hui.</p>\r\n',''),(7,'Tuto: déploiement d\'un projet Django',2,'<p>Voici les pr&eacute;requis&nbsp;:</p>\r\n\r\n<p>- avoir un projet django fonctionel en local</p>\r\n\r\n<p>- avoir un serveur auquel on a acc&egrave;s via ssh. &Ccedil;a marche tr&egrave;s bien avec un VPS aussi, ce qui ne co&ucirc;te pas grand chose : de l&#39;ordre de quelques euros par mois pour un serveur sur lequel vous pouvez installer ce que vous voulez + plusieurs Go d&#39;espace, &ccedil;a peut &ecirc;tre vraiment int&eacute;ressant (<a href=\"https://www.ovh.com/fr/vps/\">https://www.ovh.com/fr/vps/ </a>par exemple).</p>\r\n\r\n<p>- un peu de temps</p>\r\n\r\n<p>Nous allons donc faire cette mise en prod, avec un serveur nginx + gunicorn. Connectons-nous via ssh au serveur.</p>\r\n\r\n<pre>\r\n<code class=\"language-bash\">ssh root@vps5469658.hebergeur.net</code></pre>\r\n\r\n<p>C&#39;est parti.</p>\r\n\r\n<h2>Comment &ccedil;a marche en gros</h2>\r\n\r\n<p>On va installer la triplette django+nginx+gunicorn sur le serveur. En gros nginx est le serveur HTTP qui se charge de recevoir les requ&ecirc;tes du m&ecirc;me nom,&nbsp;va communiquer avec gunicorn, qui lui-m&ecirc;me communique avec django via la norme wsgi.&nbsp; Ci-dessous un sch&eacute;ma r&eacute;capitulatif pomp&eacute; chez sam et max (<a href=\"http://sametmax.com/quest-ce-que-wsgi-et-a-quoi-ca-sert/\">http://sametmax.com/quest-ce-que-wsgi-et-a-quoi-ca-sert/</a>)</p>\r\n\r\n<p>&nbsp;</p>\r\n\r\n<p style=\"text-align:center\"><img alt=\"Schém d\'utilistation de WSGI avec Nginx\" height=\"525\" src=\"http://sametmax.com/wp-content/uploads/2013/07/wsgi_with_nginx.png\" width=\"371\" /></p>\r\n\r\n<p>&nbsp;</p>\r\n\r\n<p>En parall&egrave;le, on va installer une base de donn&eacute;es MySQL, pour stocker nos donn&eacute;es, avec laquelle django va communiquer. Pour une application plus importante o&ugrave; on souhaite r&eacute;partir la charge,&nbsp;on conseille de ne pas avoir et la base de donn&eacute;es et le serveur applicatif sur la m&ecirc;me machine, mais ici on s&#39;en contentera largement (laaargement).</p>\r\n\r\n<h2>Mettre son syst&egrave;me &agrave; jour</h2>\r\n\r\n<pre>\r\n<code>sudo apt-get update\r\nsudo apt-get upgrade</code></pre>\r\n\r\n<h2>Installer MySQL</h2>\r\n\r\n<p>J&#39;ai choisi MySQL comme base de donn&eacute;, mais on peut tout aussi bien prendre MariaDB, PostgreSQL, Oracle etc.</p>\r\n\r\n<p>On t&eacute;l&eacute;charge MySQL</p>\r\n\r\n<pre>\r\n<code>sudo apt-get install mysql-server libmysqlclient-dev</code></pre>\r\n\r\n<p>Puis:</p>\r\n\r\n<pre>\r\n<code>sudo mysql_install_db</code></pre>\r\n\r\n<p>Et enfin:</p>\r\n\r\n<pre>\r\n<code>sudo mysql_secure_installation</code></pre>\r\n\r\n<p>Il faudra r&eacute;pondre &agrave; quelques simples questions, telles que d&eacute;finir un compte administrateur et son mot de passe.</p>\r\n\r\n<p>On va maintenant cr&eacute;er un nouvel utilisateur&nbsp;pour la BD</p>\r\n\r\n<p>On se log en tant qu&#39;admin dans le shell MySQL:</p>\r\n\r\n<pre>\r\n<code>mysql -u root -p\r\n</code></pre>\r\n\r\n<p>On cr&eacute;e la base de donn&eacute;es relative &agrave; notre projet,</p>\r\n\r\n<pre>\r\n<code class=\"language-sql\">CREATE DATABASE monProjet CHARACTER SET UTF8;</code></pre>\r\n\r\n<p>puis on cr&eacute;&eacute; un nouvel utilisateur, qui aura les droits sur monProjet, et pas sur tout MySQL comme le compte admin pr&eacute;c&eacute;demment cr&eacute;&eacute;</p>\r\n\r\n<pre>\r\n<code class=\"language-sql\">CREATE USER userMonProjet@localhost IDENTIFIED BY \'monMotDePasse\';</code></pre>\r\n\r\n<p>On lui donne les droits (lecture, &eacute;criture, ex&eacute;cution) sur monProjet:</p>\r\n\r\n<pre>\r\n<code class=\"language-sql\">GRANT ALL PRIVILEGES ON monProjet.* TO userMonProjet@localhost;</code></pre>\r\n\r\n<p>Et on valide</p>\r\n\r\n<pre>\r\n<code class=\"language-sql\">FLUSH PRIVILEGES;</code></pre>\r\n\r\n<p>Puis on quitte le shell MySQL</p>\r\n\r\n<pre>\r\n<code>exit</code></pre>\r\n\r\n<p>NB: Pour ce qui est de l&#39;interfa&ccedil;age avec django, voir la fin de ce tuto dans &quot;masquer ses mots de passe&quot;</p>\r\n\r\n<h2>Cr&eacute;er un nouvel User</h2>\r\n\r\n<p>Maintenant on va cr&eacute;er un nouvel utilisateur : les applications seront lanc&eacute;es sous sa juridiction. Ainsi, en cas de faille de s&eacute;curit&eacute;, on peut esp&eacute;rer que l&#39;attaquant ne puisse causer de dommages que l&agrave; o&ugrave; ce nouvel utilisateur peut agir.</p>\r\n\r\n<pre>\r\n<code class=\"language-bash\">sudo useradd --system --shell /bin/bash --home /webApps webUser\r\n</code></pre>\r\n\r\n<p>(le dernier param&egrave;tre est le nom du nouvel user, et le --home d&eacute;finit le r&eacute;pertoire home, celui sur lequel on arrive en faisant &quot;cd ~&quot;, de webUser)</p>\r\n\r\n<h2>Installer VirtualEnv et pip</h2>\r\n\r\n<p>VirtualEnv est un outil qui permet de cr&eacute;er un environnement virtuel Python. En gros, &ccedil;a veut dire que toutes les installations python faites lorsqu&#39;on est dans un environnement virtuel ne seront disponibles que dans cet environnement virtuel, et pas en-dehors. Ainsi, on peut avoir sur le m&ecirc;me syst&egrave;me plusieurs projets dont les versions de python, de django etc sont diff&eacute;rentes. Un autre avantage est que si on se foire dans l&#39;installation, ce n&#39;est pas toute l&#39;installation linux qui est compromise, mais simplement le virtualEnv ! (c&#39;est assez pratique)</p>\r\n\r\n<p>Mieux encore que VirtualEnv, nous allons installer virtualenvwrapper, qui est juste une surcouche nous permettant d&#39;utiliser plus simplement les environnements virtuels.</p>\r\n\r\n<p>Pip, quand &agrave; lui, est le gestionnaire de paquets de python (plus d&#39;infos ici <a href=\"http://sametmax.com/votre-python-aime-les-pip/\">http://sametmax.com/votre-python-aime-les-pip/</a>)</p>\r\n\r\n<p>D&#39;abord on installe des outils de bases pour python</p>\r\n\r\n<pre>\r\n<code class=\"language-bash\">sudo apt-get install python-setuptools</code></pre>\r\n\r\n<p>Parmi eux, se trouve easy_install, qui est comme pip mais en moins bien (ne g&egrave;re pas la d&eacute;sinstallation des paquets par exemple : ca s&#39;appelle easy_install pas easy_uninstall).</p>\r\n\r\n<p>On l&#39;utilise pour installer pip:</p>\r\n\r\n<pre>\r\n<code class=\"language-bash\">easy_install pip</code></pre>\r\n\r\n<p>Maintenant on installe virtualenvwrapper :</p>\r\n\r\n<pre>\r\n<code class=\"language-bash\">sudo pip install virtualenvwrapper</code></pre>\r\n\r\n<p>On va maintenant ecrire dans le .profile afin que le virtualenvwrapper se lance quand on se log dans linux:</p>\r\n\r\n<pre>\r\n<code class=\"language-bash\">nano ~/.profile</code></pre>\r\n\r\n<p>puis on &eacute;crit &agrave; la fin:</p>\r\n\r\n<pre>\r\n<code class=\"language-bash\">export WORKON_HOME=$HOME/.virtualenvs\r\nsource /usr/local/bin/virtualenvwrapper.sh</code></pre>\r\n\r\n<p>On recharge le fichier de d&eacute;marrage:</p>\r\n\r\n<pre>\r\n<code class=\"language-bash\">. ~/.profile</code></pre>\r\n\r\n<p>Enfin, il ne nous reste plus qu&#39;&agrave; cr&eacute;er notre environnement virtuel :</p>\r\n\r\n<pre>\r\n<code class=\"language-bash\">mkvirtualenv virtualMonProjet --no-site-packages</code></pre>\r\n\r\n<p>--no-site-packages permet de n&#39;avoir que python et pip dans son environnement. Pour se placer dans l&#39;environnement virtuel, il suffit de faire:</p>\r\n\r\n<pre>\r\n<code class=\"language-bash\">workon virtualMonProjet</code></pre>\r\n\r\n<p>Vous verrez alors &eacute;crit (virtualMonProjet)root@monserveur dans la console. Si vous souhaitez sortir de l&#39;environnement tapez &quot;deactivate&quot;.</p>\r\n\r\n<p>Attention pour la suite soyez bien dans votre environnement virtuel.</p>\r\n\r\n<h2>Installer Django et cr&eacute;er le dossier Projet</h2>\r\n\r\n<p>Ca devrait rouler tout seul &eacute;tant donn&eacute; ce qu&#39;on a fait avant :</p>\r\n\r\n<pre>\r\n<code class=\"language-bash\">sudo pip install django</code></pre>\r\n\r\n<p>Maintenant on va choisir o&ugrave; mettre notre projet, on peut choisir de le mettre dans /webApps:</p>\r\n\r\n<pre>\r\n<code class=\"language-bash\">sudo mkdir -p /webapps\r\nsudo chown webUser /webapps</code></pre>\r\n\r\n<p>Maintenant on va rapatrier notre projet depuis le local vers le serveur, en local, on tape:</p>\r\n\r\n<pre>\r\n<code class=\"language-bash\">scp -r monProjet root@serveur:/webApps</code></pre>\r\n\r\n<p>Et une fois sur le serveur on d&eacute;finit webUser comme propri&eacute;taire de ce dossier:</p>\r\n\r\n<pre>\r\n<code class=\"language-bash\">sudo chown webuser /webApps/monProjet/</code></pre>\r\n\r\n<p>&nbsp;</p>\r\n\r\n<h2>Installer Gunicorn</h2>\r\n\r\n<p>On va donc maintenant installer Gunicorn, qui va communiquer avec django comme on a vu dans le sch&eacute;ma plus haut.</p>\r\n\r\n<pre>\r\n<code class=\"language-bash\">sudo pip install gunicorn</code></pre>\r\n\r\n<p>Il faut configurer gunicorn dans un fichier avant de la lancer. On va le mettre dans /webApps/monProjet/bin</p>\r\n\r\n<pre>\r\n<code class=\"language-bash\">nano /webApps/monProjet/bin/gunicorn_start\r\n</code></pre>\r\n\r\n<p>Je vous file un fichier de config, reste juste &agrave; l&#39;adapter:</p>\r\n\r\n<pre>\r\n<code class=\"language-bash\">#!/bin/bash\r\nNAME=\"monProjet\"                                  # Nom de l\'application\r\nDJANGODIR=/webapps/monProjet/            # Django project directory\r\nUSER=webUser                                        # le nom d\'utilisateur\r\nNUM_WORKERS=3                                     # garder le nombre de workers comme ca\r\n\r\necho \"Start $NAME en tant que `whoami`\"\r\n\r\n# On active l\'environnement virtuel\r\nsource /var/www/.virtualenvs/virtualVulgaireDev/bin/activate\r\n\r\n#on active les variables d\'environnement, présentes dans le .profile du home de webuser\r\nsource /webApps/.profile\r\n\r\n# lance Django Unicorn\r\ncd $DJANGODIR\r\nexec gunicorn monProjet.wsgi \\\r\n  --name $NAME \\\r\n  --workers $NUM_WORKERS \\\r\n  --user=$USER \\\r\n</code></pre>\r\n\r\n<p>Pour g&eacute;rer gunicorn (restart, stop etc), on va utiliser supervisor. Celui-ci permet de relancer automatiquement les applications qu&#39;on lui donne en cas de crash serveur, et de g&eacute;rer des scripts (ici gunicorn_start).</p>\r\n\r\n<pre>\r\n<code class=\"language-bash\">sudo apt-get install supervisor</code></pre>\r\n\r\n<p>Pour sp&eacute;cifier un fichier de configuration pour supervisor relatif &agrave; gunicorn, il faut l&#39;&eacute;crire dans<code> /etc/supervisor/conf.d</code></p>\r\n\r\n<pre>\r\n<code class=\"language-bash\">sudo nano /etc/supervisor/conf.d/hello.conf</code></pre>\r\n\r\n<p>Puis on configure de cette mani&egrave;re ceci :</p>\r\n\r\n<pre>\r\n<code>[program:monProjet]\r\ncommand = /webapps/monProjet/bin/gunicorn_start ; Command to start app\r\nuser = webUser ; User to run as\r\nstdout_logfile = /var/log/gunicorn/gunicorn.log ; Where to write log messages\r\nredirect_stderr = true ; Save stderr in the same log\r\nenvironment=LANG=en_US.UTF-8,LC_ALL=en_US.UTF- ; Set UTF-8 as default encoding\r\n</code></pre>\r\n\r\n<p>Puis on cr&eacute;e l&#39;endroit o&ugrave; les logs doivent s&#39;&eacute;crire :</p>\r\n\r\n<pre>\r\n<code class=\"language-bash\">mkdir -p /var/log/gunicorn</code></pre>\r\n\r\n<p>Enfin, on demande &agrave; supervisor de recharger ses fichiers de config.</p>\r\n\r\n<pre>\r\n<code class=\"language-bash\">sudo supervisorctl reread</code></pre>\r\n\r\n<p>Et on peut maintenant red&eacute;marrer gunicorn &agrave; notre guise :</p>\r\n\r\n<pre>\r\n<code class=\"language-bash\">sudo supervisorctl restart monProjet </code></pre>\r\n\r\n<p>&nbsp;</p>\r\n\r\n<h2>Installer Nginx</h2>\r\n\r\n<p>Il ne reste plus qu&#39;&agrave; installer le serveur Nginx, qui intercepte les requ&ecirc;tes HTTP pour les envoyer au couple (Gunicorn,Django)</p>\r\n\r\n<pre>\r\n<code class=\"language-bash\">sudo apt-get install nginx\r\nsudo service nginx start</code></pre>\r\n\r\n<p>Si vous tapez votre nom de domaine, vous devriez arriver sur une page disant que nginx est pr&eacute;sent.</p>\r\n\r\n<p>On doit configurer nginx pour ce projet :</p>\r\n\r\n<pre>\r\n<code class=\"language-bash\">nano /etc/nginx/sites-available/monProjet\r\n</code></pre>\r\n\r\n<p>et encore une fois un fichier de configuration &agrave; adapter &agrave; votre projet:</p>\r\n\r\n<pre>\r\n<code># Configuration du server\r\nserver {\r\n    listen      80;\r\n    server_name www.monDomaine.fr monDomaine.fr;\r\n    charset     utf-8;\r\n\r\n    access_log /var/log/nginx/monProjet.access.log;\r\n    error_log /var/log/nginx/monProjet.error.log;\r\n\r\n    proxy_connect_timeout 300s;\r\n    proxy_read_timeout 300s;\r\n\r\n    # Fichiers media et statiques, délivrés par nginx directement\r\n    location /media  {\r\n        alias /webapps/monProjet/media;\r\n    }\r\n\r\n    location /static {\r\n        alias /webapps/monProjet/static;\r\n    }\r\n\r\n\r\n    location / {\r\n        proxy_pass http://127.0.0.1:8000; # Pass to Gunicorn\r\n        proxy_set_header X-Real-IP $remote_addr; # get real Client IP\r\n\r\n    }\r\n}\r\n</code></pre>\r\n\r\n<p>&nbsp;</p>\r\n\r\n<p>Il faut maintenant faire en sorte que le site soit disponible, pour cela il faut cr&eacute;er un lien symbolique dans sites-enable:</p>\r\n\r\n<pre>\r\n<code class=\"language-bash\">sudo ln -s /etc/nginx/sites-available/monProjet /etc/nginx/sites-enabled/monProjet</code></pre>\r\n\r\n<p>Puis on peut red&eacute;marrer le service nginx.</p>\r\n\r\n<pre>\r\n<code class=\"language-bash\">sudo service nginx restart </code></pre>\r\n\r\n<p>Maintenant ca devrait presque marcher, il faut juste ne pas oublier de mettre le debug&nbsp;= FALSE dans setting.py, et de bien faire l&#39;interfa&ccedil;age avec la BDD (juste apr&egrave;s)</p>\r\n\r\n<h2>Masquer ses mots de passe</h2>\r\n\r\n<p>Avoir ses mots de passe directement &eacute;crits dans le setting.py c&#39;est nul. On ne peut pas publier son code sur github ou autre sans que tout le monde les connaisse ce qui serait dramatique (ou alors on passe par un .gitignore), et franchement voir mes mots de passe &eacute;crits en dur comme &ccedil;a, &ccedil;a me met mal &agrave; l&#39;aise.</p>\r\n\r\n<p>Une solution est de les &eacute;crire dans le .profile, en bash, pour qu&#39;&agrave; chaque fois qu&#39;un utilisateur arrive, les mots de passe soient en variable d&#39;environnement. On va &eacute;crire dans le .profile (si vous voulez plus d&#39;explications sur le comment du pourquoi on &eacute;crit dans .profile et pas dans .bashrc <a href=\"http://superuser.com/questions/183870/difference-between-bashrc-and-bash-profile\">http://superuser.com/questions/183870/difference-between-bashrc-and-bash-profile)</a></p>\r\n\r\n<pre>\r\n<code class=\"language-bash\">nano /home/webUser/.profile\r\n</code></pre>\r\n\r\n<p>Puis on ajoute ceci &agrave; la fin, ce qui va rendre cette variable globale au syst&egrave;me linux (variable d&#39;environnement):</p>\r\n\r\n<pre>\r\n<code class=\"language-bash\">export MONSITE_DB_PASSWORD=\'monMotdePasse\'\r\n</code></pre>\r\n\r\n<p>Maintenant on ajoute une ligne &agrave; notre fichier gunicorn_start dans /webApps/MonProjet/bin/gunicorn_start, pour qu&#39;&agrave; chaque fois que le serveur se lance il ex&eacute;cute .profile.</p>\r\n\r\n<pre>\r\n<code class=\"language-bash\">source /home/webUser/.profile</code></pre>\r\n\r\n<p>Enfin, il ne reste plus qu&#39;&agrave; les r&eacute;cup&eacute;rer dans le fichier setting.py, ici dans la connexion &agrave; la BD.</p>\r\n\r\n<pre>\r\n<code class=\"language-python\">\r\nDATABASES = {\r\n    \'default\': {\r\n        \'ENGINE\': \'django.db.backends.mysql\',\r\n        \'NAME\': \'monProjet\',\r\n        \'USER\': \'adminMonProjet\',\r\n        \'PASSWORD\': os.environ.get(\"MONPROJET_DB_PASSWORD\", \'\'), #permet de chopper la variable d\'environnement\r\n        \'HOST\': \'localhost\',\r\n        \'PORT\': \'\',\r\n    }\r\n}\r\n</code></pre>\r\n\r\n<p>&nbsp;</p>\r\n\r\n<h2>Utiliser git pour envoyer son projet sur le serveur</h2>\r\n\r\n<p>On utilise git pour versionner son projet, et/ou pour travailler &agrave; plusieurs le plus souvent. Mais ce qui est cool c&#39;est qu&#39;on peut aussi l&#39;utiliser pour envoyer notre projet sur le serveur. Vous faites vos modifications en local, tout marche bien, vous faites un commit, et bam vous balancez tout sur la prod, rien de plus &agrave; faire.</p>\r\n\r\n<p>On commence par cr&eacute;er un repo git un peu particulier : un --bare, qui ne contient aucun fichier source&nbsp;</p>\r\n\r\n<pre>\r\n<code class=\"language-bash\">sudo mkdir -p /var/repo/monProjet.git\r\ncd /var/repo/monProjet.git\r\ngit init --bare</code></pre>\r\n\r\n<p>Maintenant que c&#39;est fait, vous verrez un dossier hook dans le dossier monProjet.git. On peut y d&eacute;finir des fichiers qui vont intercepter les push, et faire des actions. Ici on va d&eacute;finir un fichier qui intercepte les push de l&#39;utilisateur, et rediriger ce qui a &eacute;t&eacute; push non pas vers /var/repo/monProjet.git, mais vers /webApps/monProjet</p>\r\n\r\n<pre>\r\n<code class=\"language-bash\">nano hooks/post-receive</code></pre>\r\n\r\n<p>puis on &eacute;crit dedans:</p>\r\n\r\n<pre>\r\n<code class=\"language-bash\">#!/bin/sh\r\ngit --work-tree=/webApps/monProjet --git-dir=/var/repo/monProjet.git checkout -f</code></pre>\r\n\r\n<p>&quot;--git-dir&quot; sp&eacute;cifie le repertoire source, &quot;--work-tree&quot; sp&eacute;cifie l&#39;endroit vers lequel on veut rediriger le push. On remarque que c&#39;est encore un checkout (git utilise souvent cette commande) : ici il ne signifie pas &quot;changer de branche&quot;, mais &quot;mettre &agrave; jour l&#39;espace de travail&quot;</p>\r\n\r\n<p>On ajoute les droits d&#39;execution :</p>\r\n\r\n<pre>\r\n<code class=\"language-bash\">chmod +x hooks/post-receive</code></pre>\r\n\r\n<p>Maintenant, on se met sur la machine local, et on init un repo git dans notre dossier</p>\r\n\r\n<pre>\r\n<code class=\"language-bash\">cd /chemin/vers/projet/monProjet\r\ngit init</code></pre>\r\n\r\n<p>Et maintenant, on ajoute une &quot;remote&quot; &agrave; notre repo :</p>\r\n\r\n<pre>\r\n<code>git remote add prod ssh://user@mydomain.com/var/repo/monProjet.git</code></pre>\r\n\r\n<p>Et voil&agrave;, &agrave; chaque fois qu&#39;on voudra envoyer notre projet en prod, on fera :</p>\r\n\r\n<pre>\r\n<code>git push prod master</code></pre>\r\n\r\n<p>(bien s&ucirc;r ca ne push que les commit, &ccedil;a reste un d&eacute;p&ocirc;t git hein)</p>\r\n\r\n<h2>Pour finir</h2>\r\n\r\n<p>J&#39;esp&egrave;re que le tuto vous aura permis&nbsp;de bien vous d&eacute;brouiller, et que vous saurez r&eacute;soudre vos probl&egrave;mes, car soyons s&eacute;rieux, si vous n&#39;&ecirc;tes pas habitu&eacute;s &agrave; effectuer des mises en prod, il y en aura surement. M&eacute;fiez-vous notamment des droits linux sur les dossiers et fichiers, parfois vous ne les avez pas et &ccedil;a plante.</p>\r\n\r\n<p>Bon courage!</p>\r\n\r\n<p>&nbsp;</p>\r\n\r\n<p>Sources :</p>\r\n\r\n<p><a href=\"http://michal.karzynski.pl/blog/2013/06/09/django-nginx-gunicorn-virtualenv-supervisor/\">http://michal.karzynski.pl/blog/2013/06/09/django-nginx-gunicorn-virtualenv-supervisor/</a></p>\r\n\r\n<p><a href=\"https://www.digitalocean.com/community/tutorials/how-to-set-up-automatic-deployment-with-git-with-a-vps\">https://www.digitalocean.com/community/tutorials/how-to-set-up-automatic-deployment-with-git-with-a-vps</a></p>\r\n\r\n<p><a href=\"https://www.digitalocean.com/community/tutorials/how-to-use-mysql-or-mariadb-with-your-django-application-on-ubuntu-14-04\">https://www.digitalocean.com/community/tutorials/how-to-use-mysql-or-mariadb-with-your-django-application-on-ubuntu-14-04</a></p>\r\n\r\n<p><a href=\"http://sametmax.com/votre-python-aime-les-pip/\">http://sametmax.com/votre-python-aime-les-pip/</a></p>','2015-12-20 23:52:26','deploiement-django',1,'<p>Aujourd&#39;hui un article bien plus cons&eacute;quent. Un tuto pour &ecirc;tre pr&eacute;cis.</p>\r\n\r\n<p>Le d&eacute;ploiement d&#39;un projet django n&#39;est pas forcement une partie de plaisir la premi&egrave;re fois. On va expliquer comment faire ici, en s&#39;effor&ccedil;ant d&#39;&ecirc;tre clair, parce que les informations pr&eacute;sentes sur le web sont parfois confuses.</p>\r\n\r\n<p>Et &ccedil;a me servira de m&eacute;mo.</p>',''),(9,'L\'utilisation des opérateurs bit à bit',4,'<p>Lorsque l&#39;on d&eacute;veloppe, la question de l&#39;optimisation se pose. Pour beaucoup, optimiser signifie simplement r&eacute;duire la complexit&eacute; des diff&eacute;rentes fonctions. Ici, nous allons essayer d&#39;aller plus en profondeur, de voir l&#39;optimisation des calculs gr&acirc;ce &agrave; l&#39;utilisation des op&eacute;rateurs bits &agrave; bits.</p>\r\n\r\n<p><em>/!\\ Pour cela, vous devez bien entendu maitriser la base binaire, puisque que l&#39;ordinateur l&#39;utilise pour faire ses calculs.</em></p>\r\n\r\n<p><em>/!\\ Pour plus de compr&eacute;hension, on notera (42)<sub>10</sub> un nombre d&eacute;cimal et (</em>101010)<sub>2</sub> en binaire</p>\r\n\r\n<p>Cet article sera en C++,mais une fois le principe compris il est facilement r&eacute;utilisable en d&#39;autres langages. Je ne me pr&eacute;tends pas expert en manipulation de bits, donc n&#39;h&eacute;sitez pas &agrave; apporter votre pierre &agrave; l&#39;&eacute;difice.</p>\r\n\r\n<p>Sommaire de ce petit article :</p>\r\n\r\n<ol>\r\n	<li>Les op&eacute;rateurs</li>\r\n	<li>Exercices</li>\r\n</ol>\r\n\r\n<h2><strong>1. Les op&eacute;rateurs</strong></h2>\r\n\r\n<p><strong><u>Mais quels sont ces op&eacute;rateurs ?</u></strong></p>\r\n\r\n<p>Vous en connaissez d&eacute;j&agrave; certains : les op&eacute;rateurs &amp;, | et ^ qui sont respectivement le AND, le OR et le XOR. Mais d&#39;autres sont un peu moins connu : le &lt;&lt; et le &gt;&gt; permettant respectivement de d&eacute;caler les bits vers la gauche et vers la droite.</p>\r\n\r\n<p>Voil&agrave;, vous savez tout ce qu&#39;il faut savoir ! Ou presque, voyons cela un peu plus pr&eacute;cis&eacute;ment.</p>\r\n\r\n<p><strong><u>Le d&eacute;calage de bits vers la gauche&nbsp;:</u></strong></p>\r\n\r\n<p>Si l&#39;on fait 4 &lt;&lt; 1, cela donne (8)<sub>10</sub>, car :</p>\r\n\r\n<ul>\r\n	<li>(4)<sub>10</sub> donne (100)<sub>2</sub>,</li>\r\n	<li>lorsque l&#39;on d&eacute;cale de 1 bit vers la gauche, on ajoute un 0 derri&egrave;re (100)<sub>2</sub> et on obtient (1000)<sub>2</sub>, ce qui&nbsp;correspond &agrave; (8)<sub>10</sub> en base 10.</li>\r\n</ul>\r\n\r\n<p>En effet, lorsque l&#39;on fait un d&eacute;calage de x bits, on multiplie en fait par&nbsp;2<sup>x</sup>. Quand on y r&eacute;fl&eacute;chit c&#39;est logique : ajouter un z&eacute;ro &agrave; droite (une dizaine) en base 10 multiplie le nombre par 10, et ajouter un z&eacute;ro &agrave; droite en base 2 multiplie le nombre par 2 !</p>\r\n\r\n<p>Dans notre exemple on a bien 4&lt;&lt;1 =&nbsp;4*2<sup>1</sup>&nbsp;=&nbsp;4*2.</p>\r\n\r\n<p><strong><u>Le d&eacute;calage de bit vers la droite :</u></strong></p>\r\n\r\n<p>Le principe est le m&ecirc;me que pour le d&eacute;calage vers la gauche, sauf qu&#39;au lieu d&#39;une multiplication, on fait une division avec troncage.</p>\r\n\r\n<p>Par exemple si l&#39;on fait 7&gt;&gt;1, on obtient (3)<sub>10</sub>, car (7)<sub>10</sub> donne (111)<sub>2</sub>. Si l&#39;on d&eacute;cale de 1 vers la droite, on obtient (11)<sub>2</sub> (le bit de la droite est enlev&eacute;), ce qui correspond &agrave; (3)<sub>10</sub>. On a bien fait une division par 2<sup>1</sup>&nbsp;en gardant seulement la partie enti&egrave;re.</p>\r\n\r\n<p><strong><u>Les op&eacute;rateurs &amp;, |,&nbsp;^ et ~ :</u></strong></p>\r\n\r\n<p>L&#39;op&eacute;rateur &amp; fait une comparaison bit par bit. Si chaque bits = 1, alors il retourne 1, sinon il retourne 0. Par exemple si l&#39;on prend (8)<sub>10</sub> &amp; (7)<sub>10</sub>, on obtient 0 :</p>\r\n\r\n<ul>\r\n	<li>(8)<sub>10</sub> donne (1000)<sub>10</sub>, (7)<sub>10</sub> donne (111)<sub>2</sub></li>\r\n	<li>Les 2 n&#39;ont pas le m&ecirc;me nombre de bits, on ajoute un 0 devant le (111)<sub>2</sub>, on a donc (1000)<sub>2</sub> et (0111)<sub>2</sub></li>\r\n	<li>On regarde bit par bit, donc on compare si les deux bits de poids forts sont &agrave; 1, si oui on met 1 sinon 0. et ainsi de suite pour tous les bits</li>\r\n	<li>Le&nbsp;r&eacute;sultat obtenu est 0</li>\r\n</ul>\r\n\r\n<p>Pareillement, si l&#39;on fait (12)<sub>10 </sub>&amp; (7)<sub>10</sub>, on obtiendra (4)<sub>10</sub>, car (12)<sub>10</sub> donne (1100)<sub>2</sub> et (7)<sub>10</sub> donne (0111)<sub>2</sub>. On obtient, apr&egrave;s comparaison, (0100)<sub>2</sub>, soit (4)<sub>10</sub>.</p>\r\n\r\n<p>Cet op&eacute;rateur peut servir, par exemple, &agrave; obtenir le reste de divisions par une puissance de 2 (voir plus loin).</p>\r\n\r\n<p>L&#39;op&eacute;rateur |&nbsp;fait une comparaison bit par bit. Si un des bits = 1, alors il retourne 1, sinon il retourne 0. Par exemple si l&#39;on prend (8)<sub>10</sub> | (7)<sub>10</sub>, on obtient (15)<sub>10</sub> :</p>\r\n\r\n<ul>\r\n	<li>(8)<sub>10</sub> donne (1000)<sub>2</sub>, (7)<sub>10</sub> donne (111)<sub>2</sub></li>\r\n	<li>Les 2 n&#39;ont pas le m&ecirc;me nombre de bits, on ajoute un 0 devant le (111)<sub>2</sub>, on a donc (1000)<sub>2</sub> et (0111)<sub>2</sub></li>\r\n	<li>On regarde bit par bit, donc on compare le 1 avec le 0, le 0 avec le 1, ...</li>\r\n	<li>Le&nbsp;r&eacute;sultat obtenu est (1111)<sub>2</sub>, soit (15)<sub>10</sub></li>\r\n</ul>\r\n\r\n<p>Pareillement, si l&#39;on fait (12)<sub>10</sub> | (7)<sub>10</sub>, on obtiendra (15)<sub>10</sub>, car (12)<sub>10</sub> donne (1100) et (7)<sub>10</sub> donne (0111)<sub>2</sub>. On obtient, apr&egrave;s comparaison, (1111)<sub>2</sub>, soit (15)<sub>10</sub>.</p>\r\n\r\n<p>L&#39;op&eacute;rateur ^&nbsp;fait la m&ecirc;me chose, mais avec un XOR au lieu d&#39;un OR, c&#39;est &agrave; dire que dans le cas o&ugrave; les deux bits valent 1, XOR donne 0, sinon il se comporte comme un OR.</p>\r\n\r\n<p>Enfin, le ~ est le compl&eacute;mentaire (le NOT). Il retournera l&#39;inverse de chaque bit (1 pour 0 et 0 pour 1).</p>\r\n\r\n<h2><strong>2. Exercices</strong></h2>\r\n\r\n<p>Il est temps de faire des petits exercices tout simples, voir si vous avez compris le principe !</p>\r\n\r\n<p><u>Exercice 1 :</u></p>\r\n\r\n<p>Que fait cette fonction :</p>\r\n\r\n<pre>\r\n<code class=\"language-cpp\">int fonction_q1(int x, int nombre){\r\n\r\n    return (nombre &amp; (( 1 &lt;&lt; x ) -1 ));\r\n\r\n}</code></pre>\r\n\r\n<p>&nbsp;</p>\r\n\r\n<p>R&eacute;ponse : Elle retourne le reste (modulo)&nbsp;de la division entre nombre et 2<sup>x</sup>. C&#39;est vrai que &ccedil;a a l&#39;air barbare, mais c&#39;est ce n&#39;est pas si compliqu&eacute;. D&eacute;cortiquons la :</p>\r\n\r\n<ul>\r\n	<li>1 &lt;&lt; x correspond &agrave; 1 * 2<sup>x</sup></li>\r\n	<li>On enl&egrave;ve 1 &agrave; ce resultat. En effet, une puissance de 2 a 1 bit &agrave; 1 et tout les autres &agrave; 0, donc une puissance de 2 moins 1 aura 1 bit de moins et tous ses bits &agrave; 1 (exemple : (8)<sub>10</sub> donne (1000)<sub>2</sub> et (7)<sub>10</sub> donne (111)<sub>2</sub>).</li>\r\n	<li>On utilise l&#39;op&eacute;rateur &amp; entre le nombre et la puissance de 2 moins 1.</li>\r\n	<li>La magie des bits fait que cela retourne le reste de la division. Si l&#39;on prend par exemple :\r\n	<ul>\r\n		<li>nombre = (15)<sub>10</sub></li>\r\n		<li>x = (3)<sub>10</sub> (i.e on va diviser par 8)</li>\r\n		<li>(15)<sub>10</sub> donne (1111)<sub>2</sub></li>\r\n		<li>(8)<sub>10</sub> donne (1000)<sub>2</sub> en binaire, 8-1 = 7 donne donc (0111)<sub>2</sub></li>\r\n		<li>On applique l&#39;op&eacute;rateur &amp;</li>\r\n		<li>On obtient (0111)<sub>2</sub>, soit (7)<sub>10</sub></li>\r\n		<li>On v&eacute;rifie : le reste de 15 / 8 est bel et bien 7 !</li>\r\n	</ul>\r\n	</li>\r\n</ul>\r\n\r\n<p>Pour bien comprendre pourquoi cela fonctionne, passons en base 10. Les op&eacute;rations pr&eacute;c&eacute;dentes correspondent &agrave; : prendre une puissance de 10, puis ne conserver que les chiffres de cette puissance de dix dans le nombre initial !</p>\r\n\r\n<p>Exemple: (15532)<sub>10</sub> et (100)<sub>10</sub>. Si on applique les r&eacute;gles pr&eacute;c&eacute;dentes, on obtient 32 (gr&acirc;ce au &amp;), ce qui est bien le reste de la division de (15532)<sub>10</sub> par (100)<sub>10</sub></p>\r\n\r\n<p>L&#39;avantage de cette fonction est que ce calcul sera plus rapide qu&#39;un modulo.</p>\r\n\r\n<p><u>Exercice 2 :</u></p>\r\n\r\n<p>Prenons le code suivant :</p>\r\n\r\n<pre>\r\n<code class=\"language-cpp\">if(x%2 == 0){\r\n    cout &lt;&lt; \"Pair\";\r\n}\r\nelse{\r\n    cout &lt;&lt; \"Impair\";\r\n}</code></pre>\r\n\r\n<p>Ce code v&eacute;rifie que x est pair. Pour cela on utilise le modulo. Mais n&#39;y aurait-il pas un moyen plus efficace de le faire ?</p>\r\n\r\n<p>R&eacute;ponse :</p>\r\n\r\n<pre>\r\n<code class=\"language-cpp\">if(x &amp; 1){\r\n    cout &lt;&lt; \"Impair\";\r\n}\r\nelse{\r\n    cout &lt;&lt; \"Pair\";\r\n}</code></pre>\r\n\r\n<p>En binaire, le premier bit est celui qui indique si le nombre est pair ou pas. C&#39;est ce que l&#39;on regarde ici.</p>\r\n\r\n<p><u>Exercice 3&nbsp;:</u></p>\r\n\r\n<p>Imaginons que vous deviez stocker 8 bool&eacute;ens. Trouvez une structure permettant de les stocker avec le moins de m&eacute;moire utilis&eacute;e possible, et de les manipuler facilement.</p>\r\n\r\n<p>Solution :</p>\r\n\r\n<p>Il suffirait par exemple d&#39;utiliser un char. En effet, un char est cod&eacute; sur 1 octet, soit 8 bits. Cela signifie donc 8 choses dont la valeur peut &ecirc;tre 1 ou 0, comme les bool&eacute;ens.</p>\r\n\r\n<p>Pour r&eacute;cup&eacute;rer un bit, vous pourriez utiliser la fonction suivante :</p>\r\n\r\n<pre>\r\n<code class=\"language-cpp\">unsigned short int recupererTelBit(unsigned int position, char lesBools)\r\n{\r\n    return ((1 &lt;&lt; position) &amp; lesBools) &gt;&gt; position;\r\n}</code></pre>\r\n\r\n<p>Comme vous pouvez le voir, la fonction retourne un unsigned short int. Le unsigned est l&agrave; car les 2 valeurs retournables (0 et 1) ne sont pas n&eacute;gatives. Le short permet simplement de ne pas prendre trop de place en m&eacute;moire (un short &eacute;tant sur 2 octets alors qu&#39;un int est sur 4 octets).</p>\r\n\r\n<p><em>Attention, cette fonction manipule le char comme s&#39;il &eacute;tait un tableau de droite &agrave; gauche, on a donc pour 8 octets les index dans l&#39;ordre 7,6,5,4,3,2,1,0. Pour que cette fonction retourne le 1er bit quand on met position = 1, il suffit de changer les 2 appel &agrave; position en 8-position.</em></p>\r\n\r\n<p>Voyons ce que fait cette fonction :</p>\r\n\r\n<ul>\r\n	<li>Prenons position = 2 et lesBools = &#39;a&#39; (a est cod&eacute; (97)<sub>10</sub> = (01100001)<sub>2</sub>)</li>\r\n	<li>1 &lt;&lt; position retourne ici (100)<sub>2</sub></li>\r\n	<li>On a donc (100)<sub>2</sub> &amp; lesBools, i.e (100)<sub>2</sub> &amp; (01100001)<sub>2</sub>. Comme ils n&#39;ont pas le m&ecirc;me nombre de bits, on rajoute des 0. On a donc : (00000100)<sub>2</sub> &amp; (01100001)<sub>2</sub>, ce qui donne (00000000)<sub>2</sub>.</li>\r\n	<li>Finalement, on a 00000000 &gt;&gt; 2, ce qui donne 000000, soit 0.</li>\r\n	<li>Le 3 &egrave;me bits est donc un 0</li>\r\n</ul>\r\n\r\n<p>Maintenant, il faut aussi savoir comment changer tel ou tel bit.</p>\r\n\r\n<p>Voyons 3 fonctions diff&eacute;rentes :</p>\r\n\r\n<pre>\r\n<code class=\"language-cpp\">unsigned int changerTelBit(unsigned int position, unsigned char lesBools)\r\n{\r\n    return (lesBools ^ (1 &lt;&lt; position));\r\n}</code></pre>\r\n\r\n<p>Cette fonction change un bit. Si celui-ci &eacute;tait un 0, il deviendra 1, et inversement. D&eacute;cortiquons la :</p>\r\n\r\n<ul>\r\n	<li>1 &lt;&lt; position permet de se placer au bit voulu</li>\r\n	<li>lesBools ^ (1 &lt;&lt; position) fait un XOR sur le bit voulu. Si on a lesBools = (1111)<sub>2</sub> et position = 2, on aura comme r&eacute;sultat (1011)<sub>2</sub></li>\r\n</ul>\r\n\r\n<pre>\r\n<code class=\"language-cpp\">unsigned int changerTelBitEn1(unsigned int position, unsigned char lesBools)\r\n{\r\n    return (lesBools | (1 &lt;&lt; position));\r\n}</code></pre>\r\n\r\n<p>Cette fonction force un bit &agrave; prendre la valeur 1. D&eacute;cortiquons la :</p>\r\n\r\n<ul>\r\n	<li>1 &lt;&lt; position permet de se placer au bit voulu</li>\r\n	<li>Le | (OR) nous permet de changer ce bit. Comme x | 1 (o&ugrave; x = 0 ou 1)&nbsp;donnera toujours 1, le bit &agrave; la position deviendra un 1 obligatoirement.</li>\r\n</ul>\r\n\r\n<pre>\r\n<code class=\"language-cpp\">unsigned int changerTelBitEn0(unsigned int position, unsigned char lesBools)\r\n{\r\n    return (lesBools &amp; ~(1 &lt;&lt; position));\r\n}</code></pre>\r\n\r\n<p>Enfin, cette fonction force un bit &agrave; prendre la valeur 0. D&eacute;cortiquons la elle aussi :</p>\r\n\r\n<ul>\r\n	<li>1 &lt;&lt; position permet de se placer au bit voulu</li>\r\n	<li>Le ~ retourne l&#39;inverse, du coup au lieu d&#39;avoir un 1 et sept 0, on a sept 1 et un 0</li>\r\n	<li>Le &amp; (AND) nous permet de changer ce bit. Comme x &amp; 0 (o&ugrave; x = 0 ou 1) donnera toujours 0, le bit &agrave; la position voulue deviendra un 0 obligatoirement.</li>\r\n</ul>\r\n\r\n<p>Voil&agrave;, vous savez maintenant cr&eacute;er un tableau de bool&eacute;ens prenant moins de place en m&eacute;moire et parcourable sans boucles.</p>\r\n\r\n<p>En utilisant les types, vous pourrez, avec cette technique, cr&eacute;er des tableaux de bool&eacute;ens jusqu&#39;a une taille de 64 (long long).</p>','2016-01-04 15:15:53','operateurs-bit-a-bit',1,'<p>Vous voyez parfois du code du style:</p>\r\n\r\n<pre>\r\n<code class=\"language-cpp\">if(x &amp; 1) { //fait quelque chose }\r\n</code></pre>\r\n\r\n<p>sans comprendre ce qu&#39;il fait ?</p>\r\n\r\n<p>Vous voulez apprendre deux ou trois trucs pour &ecirc;tre &quot;plus proche de votre ordinateur&quot;?</p>\r\n\r\n<p>Suivez le guide avec ce premier article propos&eacute; par Draedixe !</p>',''),(11,'Les Chiffres',2,'<p>Nous allons essayer de r&eacute;soudre informatiquement le probl&egrave;me des chiffres. Pour rappel, ou information, les consignes de ce jeu sont les suivantes :</p>\r\n\r\n<ul>\r\n	<li>un nombre &agrave; 3 chiffres est tir&eacute; au hasard.</li>\r\n	<li>six nombres de 1 &agrave; 3 chiffres sont tir&eacute;s au hasard</li>\r\n</ul>\r\n\r\n<p><u><em>Objectif </em></u>: &agrave; l&#39;aide des op&eacute;rateurs math&eacute;matiques de base et en combinant les 6 nombres tir&eacute;s, atteindre le premier nombre tir&eacute;.</p>\r\n\r\n<p><u><em>R&egrave;gles</em></u>:</p>\r\n\r\n<ul>\r\n	<li>On utilise seulement les 4 op&eacute;rateurs de base : &quot;+ - / *&quot;.</li>\r\n	<li>Un nombre ne peut &ecirc;tre utilis&eacute; qu&#39;un seule fois</li>\r\n	<li>La division n&#39;est accept&eacute;e que si elle retourne un nombre entier</li>\r\n	<li>La combinaison de deux nombres en donne un nouveau qui peut &ecirc;tre utilis&eacute; pour combiner avec les nombres restants.</li>\r\n</ul>\r\n\r\n<p><u><em>Exemple</em></u>:</p>\r\n\r\n<p>Nombre initial : 126 Nombres utilisables : 4 | 3 | 10 | 7 | 5 | 75</p>\r\n\r\n<p>Une mani&egrave;re d&#39;arriver au r&eacute;sultat est :</p>\r\n\r\n<p>5 * 10 = 50</p>\r\n\r\n<p>75 + 50 = 125</p>\r\n\r\n<p>4 - 3 = 1</p>\r\n\r\n<p>125 + 1 = 126</p>\r\n\r\n<p>Pour se rendre compte de l&#39;&eacute;tendu du probl&egrave;me, essayons de calculer le nombre de combinaisons possibles avec ces nombres. On notera n le nombre d&#39;&eacute;l&eacute;ments qu&#39;on peut s&eacute;lectionner (6 ici).</p>\r\n\r\n<p>Pour commencer,&nbsp;on prend 2 nombres parmi les 6 initiaux, auquels ont applique un des 4 op&eacute;rateurs. On a donc :</p>\r\n\r\n<p><span class=\"math-tex\">\\(4\\times\\dbinom{n}{2}\\)</span> possibilit&eacute;s.</p>\r\n\r\n<p>NB: A ce moment l&agrave;, on peut remarquer qu&#39;en principe il n&#39;y a pas 4 mais 5 op&eacute;rations possibles. En effet, le &quot;+&quot;, le &quot;*&quot; sont commutatifs, mais le &quot;/&quot; ne l&#39;est pas ( a/b est diff&eacute;rent de b/a). Cependant, une des r&egrave;gles du jeu nous m&egrave;ne &agrave; la conclusion qu&#39;on ne peut avoir que des nombres entiers. Soit les deux nombres choisis sont &eacute;gaux, et auquel cas leur divison vaut 1 quel que soit l&#39;ordre dans lequel elle est faite, soit il ne sont pas &eacute;gaux, et dans ce cas l&#39;un est plus grand que l&#39;autre&nbsp;et donc on ne peut diviser que dans un sens (l&#39;autre sens donne un nombre strictement inf&eacute;rieur &agrave; 1 donc non entier). De m&ecirc;me, le &quot;-&quot; ne peut se faire que dans un sens (on n&#39;autorise pas les nombres n&eacute;gatifs)</p>\r\n\r\n<p>On a donc bien que 4 op&eacute;rations possibles au maximum, et encore la division nous donnera souvent un nombre non entier.</p>\r\n\r\n<p>Apr&egrave;s cette premi&egrave;re &eacute;tape, on obtient donc n-1 nombres : on en avait n, on retire les deux qu&#39;on a utilis&eacute;, et on ajoute le r&eacute;sultat de l&#39;op&eacute;ration effectu&eacute;e avec ces deux nombres. Si le r&eacute;sultat est le nombre recherch&eacute;, on s&#39;arr&ecirc;te, sinon on recommence l&#39;op&eacute;ration, il y aura donc:</p>\r\n\r\n<p><span class=\"math-tex\">\\(4\\times\\dbinom{n-1}{2}\\)</span></p>\r\n\r\n<p>possibilit&eacute;s&hellip; etc jusqu&#39;&agrave; ce qu&#39;il ne reste plus que 2 nombres.</p>\r\n\r\n<p>Ainsi, le nombre total de combinaisons possibles est &eacute;gale &agrave; :</p>\r\n\r\n<p><span class=\"math-tex\">\\(\\prod_{k=0}^{n-2 } {4\\times\\dbinom{n-k}{2}}\\)</span></p>\r\n\r\n<p>Pour n = 6 ici, on trouve un r&eacute;sultat de 2 764 800 possibilit&eacute;s, dans le pire des cas. Pour un ordinateur c&#39;est largement faisable, on peut donc faire un algorithme bruteforce (on teste toutes les possiblit&eacute;s). Par contre si on commence &agrave; utiliser plus de nombres, mettons 8 au lieu de 6, &ccedil;a commence &agrave; devenir plus compliqu&eacute; : environ 36 milliards de possibilit&eacute;s, ce qui est tout de m&ecirc;me beaucoup plus important.</p>\r\n\r\n<p>Voici donc un code python permettant de r&eacute;soudre le probl&egrave;me, en brute-for&ccedil;ant la chose.</p>\r\n\r\n<pre>\r\n<code class=\"language-python\">import sys\r\n\r\n#on prend la premiere solution pour le moment\r\ndef calculRec(nombres, aim, solutionCourante, solutions, solutionPlusProche):\r\n    #on test si on a trouvé le bon nombre\r\n    for nombre in nombres:\r\n        if nombre == aim:\r\n            solutions.append(solutionCourante[:])\r\n            return\r\n\r\n        #si jamais on arrive pas à la solution, on garde la solution la plus proche qu\'on ai trouvé\r\n        if abs(aim - nombre) &lt; abs(aim - solutionPlusProche[0]):\r\n            #on remplace l\'ancienne valeur\r\n            del solutionPlusProche[:]\r\n            solutionPlusProche.append(nombre)\r\n            solutionPlusProche.append(solutionCourante[:])\r\n\r\n    #si on arrive à un seul nombre (et qu\'il n\'est pas aim), on termine\r\n    if(len(nombres) == 1):\r\n        return\r\n\r\n    #pour tous les nombres disponibles, on liste toutes les façons d\'en prendre 2\r\n    for i in range(len(nombres)):\r\n        if(nombres[i] &gt; 0):\r\n            for j in range(i):\r\n                if(nombres[j] &gt; 0):\r\n                    nombre1 = nombres[i]\r\n                    nombre2 = nombres[j]\r\n\r\n                    #on invalide ces deux nombres de la liste en les mettant négatifs\r\n                    nombres[i] = -nombres[i]\r\n                    nombres[j] = -nombres[j]\r\n\r\n                    #on lance la récurence pour les 4 opérations possibles\r\n                    nombres.append(nombre1+nombre2)\r\n                    solutionCourante.append(str(nombre1)+\"+\"+str(nombre2)+\"=\"+str(nombre1+nombre2))\r\n                    calculRec(nombres,aim,solutionCourante,solutions, solutionPlusProche)\r\n                    solutionCourante.pop()\r\n                    nombres.pop()\r\n\r\n                    nombres.append(max(nombre1,nombre2)-min(nombre1,nombre2))\r\n                    solutionCourante.append(str(max(nombre1,nombre2))+\"-\"+str(min(nombre1,nombre2))+\"=\"+str(max(nombre1,nombre2)-min(nombre1,nombre2)))\r\n                    calculRec(nombres,aim,solutionCourante,solutions, solutionPlusProche)\r\n                    solutionCourante.pop()\r\n                    nombres.pop()\r\n\r\n                    nombres.append(nombre1*nombre2)\r\n                    solutionCourante.append(str(nombre1)+\"*\"+str(nombre2)+\"=\"+str(nombre1*nombre2))\r\n                    calculRec(nombres,aim,solutionCourante,solutions,solutionPlusProche)\r\n                    solutionCourante.pop()\r\n                    nombres.pop()\r\n\r\n                    #on ne fait le résultat que si la division est un entier\r\n                    resultatDivision = max(nombre1,nombre2)/min(nombre1,nombre2)\r\n                    if(isinstance(resultatDivision, int)):\r\n                        nombres.append(resultatDivision)\r\n                        solutionCourante.append(str(max(nombre1,nombre2))+\"/\"+str(min(nombre1,nombre2))+\"=\"+str(resultatDivision))\r\n                        calculRec(nombres,aim,solutionCourante,solutions,solutionPlusProche)\r\n                        solutionCourante.pop()\r\n                        nombres.pop()\r\n\r\n                    #on réactive ces nombres maintenant qu\'on a fini de travailler avec eux\r\n                    nombres[i] = -nombres[i]\r\n                    nombres[j] = -nombres[j]\r\n\r\ntry:\r\n    aim = int(input(\"Nombre visé: \"))\r\n    nombres = []\r\n    for i in range(6):\r\n        nombres.append(int(input(\"Entrez un nombre: \")))\r\nexcept ValueError:\r\n    print(\"Merci d\'entrer des uniquement des nombres entiers !\")\r\n    sys.exit()\r\n\r\n#contient une paire (valeur, plusProcheSolutionCorrespondante)\r\nsolutionPlusProche = [0,[]]\r\nsolutions =[]\r\n\r\ncalculRec(nombres,aim,[],solutions,solutionPlusProche)\r\n\r\n#on essaie d\'afficher la premiere solution : si elle n\'existe pas, on file la solution la plus proche\r\ntry:\r\n    print(\"Solution exact :\"+\'\\n\'.join(solutions[0]))\r\nexcept IndexError:\r\n    print(\"Solution la plus proche trouvee:\"+\'\\n\'.join(solutionPlusProche[1]))\r\n</code></pre>\r\n\r\n<p>Voil&agrave;. Il y aurait plein d&#39;optimistations potentielles, la premi&egrave;re &eacute;tant d&#39;arr&eacute;ter le calcul si on trouve une solution.</p>\r\n\r\n<p>Et pour vous montrer que &ccedil;a marche, vous pouvez remplir les champs suivants et tester par vous m&ecirc;me : j&#39;ai r&eacute;&eacute;crit la solution en javascript. Pourquoi? Parce que comme ca c&#39;est votre ordinateur qui travaille pour faire les calculs plut&ocirc;t que mon serveur. Si j&#39;avais directement mis le code python en backend, des petits malins pourraient facilement faire un script envoyant des requ&ecirc;tes &agrave; la suite qui mettrait mon serveur en PLS.</p>\r\n\r\n<p>&nbsp;</p>\r\n\r\n<p>&nbsp;</p>\r\n\r\n<p>&nbsp;</p>','2016-01-11 18:37:03','les-chiffres',1,'<p>Presque tout le monde conna&icirc;t &quot;les chiffres et les lettres&quot;, cette &eacute;mission o&ugrave; les participants ont un QI presque 2 fois sup&eacute;rieur &agrave; celui des participants des ch&#39;tis &agrave; Mykonos, et qui gagnent pourtant bien moins de 2 fois ce que ces derniers r&eacute;coltent gr&acirc;ce &agrave; leur talent ... d&#39;existence.</p>',''),(14,'Monter les escaliers',2,'<p>L&#39;&eacute;nonc&eacute; est tr&egrave;s simple : vous &ecirc;tes face &agrave; un escalier de n marches, et vous ne pouvez les monter que de deux fa&ccedil;ons, soit en grimpant d&#39;une seule marche, soit en grimpant de deux. Combien il y a-t-il de fa&ccedil;ons diff&eacute;rentes de gravir cet escalier ?</p>\r\n\r\n<p>Commen&ccedil;ons par essayer pour quelques valeurs de n.</p>\r\n\r\n<div style=\"text-align:center\">\r\n<figure class=\"image\" style=\"display:inline-block\"><img alt=\"\" height=\"315\" src=\"/media/uploads/adminVulgaireDev/2016/05/08/escalier.png\" width=\"358\" />\r\n<figcaption>Un escalier num&eacute;rot&eacute; (pour visualiser)</figcaption>\r\n</figure>\r\n</div>\r\n\r\n<p>&nbsp;</p>\r\n\r\n<p>Pour n=1, on a une 1 possibilit&eacute; : sauter une marche, qu&#39;on notera 1</p>\r\n\r\n<p>Pour n=2, on a 2 possibilit&eacute;s : 1-1 ou 2</p>\r\n\r\n<p>Pour n=3, on a 3 possibilit&eacute;s : 1-1-1, 1-2, et 2-1</p>\r\n\r\n<p>Pour n=4, on a 5 possibilit&eacute;s : 1-1-1-1, 1-1-2, 1-2-1, 2-1-1, 2-2</p>\r\n\r\n<p>Pour n=5, on a 8 possibilit&eacute;s (je ne vais pas d&eacute;tailler mais croyez moi)</p>\r\n\r\n<p>Si on regarde les r&eacute;sultats, on peut conjecturer qu&#39;on a affaire &agrave; la suite de Fibonacci, qui est d&eacute;finie de la mani&egrave;re suivante :</p>\r\n\r\n<p><span class=\"math-tex\">\\(U_0,U_1 = 1 \\)</span></p>\r\n\r\n<p><span class=\"math-tex\">\\(U_{n} = U_{n-1}+ U_{n-2}\\)</span></p>\r\n\r\n<p>Pour n=3, on a bien 2+1 = 3 possibilit&eacute;s, pour n=4 on a 3+2=5, pour n=5 on en a 4+3=8 etc.</p>\r\n\r\n<p>Est ce que cette conjecture correspond bien &agrave; la r&eacute;alit&eacute; ?</p>\r\n\r\n<p>En fait, les solutions au rang n sont compos&eacute;es des solutions du rang n-1 auxquelles on concat&egrave;ne un saut de 1 marche, et des solutions du rang n-2 auxquelles on concat&egrave;ne un saut de 2 marches. C&#39;est tout.</p>\r\n\r\n<p>Pourquoi?</p>\r\n\r\n<p>Au rang n-1, il y a n-1 marches, donc en rajouter une r&eacute;sout bien le probl&egrave;me au rang n. Idem pour le rang n-2, rajouter 2 r&eacute;sout bien le probl&egrave;me au rang n.</p>\r\n\r\n<p>Notons Sol(n-i)|i la concat&eacute;nation de i aux solutions du rang n-i. Ici on a donc :&nbsp;</p>\r\n\r\n<p><span class=\"math-tex\">\\(Sol(n-2)|2\\subseteq Sol(n)\\)</span></p>\r\n\r\n<p><span class=\"math-tex\">\\(Sol(n-1)|1\\subseteq Sol(n)\\)</span></p>\r\n\r\n<p>Pourquoi ne continue-t-on pas avec n-3 etc ? Tout simplement parce que si tel &eacute;tait le cas, on devrait rajouter un 3 (dans le cas du rang n-3) pour que la solution fonctionne au rang n, or on ne peut pas monter 3 marches d&#39;un coup, on ne peut qu&#39;exprimer 3 en d&eacute;composition de 1 et de 2, ce qui correspond d&eacute;j&agrave; &agrave; des solutions comprises dans les rang n-1 et n-2 !</p>\r\n\r\n<p>NB : N&#39;aurait-on pas des solutions qui se recoupent entre celles de n-2 et celles de n-1? Non, car dans un cas elle finiront par un 1, et dans l&#39;autre par un 2, ces deux ensembles sont donc disjoints.</p>\r\n\r\n<p>On a alors :</p>\r\n\r\n<p><span class=\"math-tex\">\\((Sol(n-2)|2 \\cup Sol(n-1)|1)\\subseteq Sol(n)\\)</span></p>\r\n\r\n<p>Donc l&agrave; on a prouv&eacute; que les solutions du rang n-1 auxquelles on ajoute 1 et celles du rang n-2 auxquelles on ajoute 2 sont incluses dans celles du rang n.</p>\r\n\r\n<p>Il faut maintenant prouver la r&eacute;ciproque afin de montrer que ce sont les seules solutions, et qu&#39;il n&#39;y en a pas d&#39;autres.</p>\r\n\r\n<p>C&#39;est trivial: retrancher le dernier membre (1 ou 2) de toute solution au rang n nous donne forc&eacute;ment une solution du rang n-1 ou n-2 !</p>\r\n\r\n<p>On a donc :</p>\r\n\r\n<p><span class=\"math-tex\">\\(Sol(n)\\subseteq (Sol(n-2)|2 \\cup Sol(n-1)|1)\\)</span></p>\r\n\r\n<p>Donc:</p>\r\n\r\n<p><span class=\"math-tex\">\\(Sol(n) \\Leftrightarrow (Sol(n-2)|2 \\cup Sol(n-1)|1)\\)</span></p>\r\n\r\n<p>On a bien prouv&eacute; la r&eacute;ciproque, et donc que le nombre de solutions au rang n correspond au ni&egrave;me terme de la suite de Fibonacci.</p>\r\n','2016-02-01 19:36:11','monter-escaliers',1,'<p>Je suis tomb&eacute; sur un probl&egrave;me donn&eacute; &agrave; un coll&eacute;gien qui m&#39;a paru certes peut-&ecirc;tre un peu compliqu&eacute; pour ce niveau l&agrave;, mais n&eacute;anmoins int&eacute;ressant &agrave; traiter. L&#39;&eacute;nonc&eacute; est tr&egrave;s simple : vous &ecirc;tes face &agrave; un escalier de n marches, et vous ne pouvez les monter que de deux fa&ccedil;ons, soit en grimpant d&#39;une seule marche, soit en grimpant de deux. Combien y a-t-il de fa&ccedil;ons diff&eacute;rentes de gravir cet escalier ?</p>\r\n',''),(16,'La somme maximale de nombres consécutifs dans un tableau',2,'<p>Vous disposez d&#39;un tableau contenant des nombres, positifs ou n&eacute;gatifs. On vous donne 2 nombres A et B.</p>\r\n\r\n<p>Quelle est la somme d&#39;&eacute;l&eacute;ments cons&eacute;cutifs commen&ccedil;ant par A et finissant par B (compris) qui est maximale ?</p>\r\n\r\n<p>Exemple :</p>\r\n\r\n<p>A = 2, B = 5, tableau =&nbsp; [1, 2, -6, 4, 5, -2, 2, -8, 5]</p>\r\n\r\n<p>Le r&eacute;sultat maximal sera 5, entre les index 1 et 4.</p>\r\n\r\n<p>Comment r&eacute;soudre le probl&egrave;me ?</p>\r\n\r\n<p>Une solution na&iuml;ve serait de parcourir le tableau, puis si on tombe sur un A, on parcourt tout le sous-tableau &agrave; droite en sommant et en prenant le max lorsque l&#39;on tombe sur un B.</p>\r\n\r\n<pre>\r\n<code class=\"language-python\">t = [1,2,-6,4,5,-2,2,-8,5]\r\na = 2\r\nb = 5\r\n\r\n#on initialise à - l\'infini\r\nresult = -float(\"inf\")\r\n\r\nfor i,elt in enumerate(t):\r\n    if elt == a:\r\n        count = 0\r\n        for elt2 in t[i:]:\r\n            count += elt2\r\n            if elt2 == b:\r\n                result = max(result, count)\r\n\r\nprint(result)</code></pre>\r\n\r\n<p>BIen, ce code fonctionne.</p>\r\n\r\n<p>On voit bien qu&#39;ici on a une complexit&eacute; en O(n<sup>2</sup>). On peut mieux faire. Le code suivant est plus efficace, mais moins intuitif &agrave; trouver (pour moi en tout cas).</p>\r\n\r\n<p>On va dire qu&#39;on utilisera seulement 2 variables, result et somme, initialis&eacute;es &agrave; - l&#39;infini. A chaque fois qu&#39;on avance dans le tableau, on ajoute la valeur courante &agrave; somme. Si on tombe sur un a, on v&eacute;rifie que la somme est bien sup&eacute;rieure &agrave; 0. Si ce n&#39;est pas le cas, alors on la recommence avec ce nouveau a. En effet,<strong> la somme des valeurs du sous-tableau pr&eacute;c&eacute;dent est n&eacute;gative, elle fait &quot;perdre de la valeur&quot;, donc on la &quot;coupe&quot; de notre tableau courant, </strong>c&agrave;d on recommence la somme &agrave; partir de ce nouveau a.</p>\r\n\r\n<p>Petite originalit&eacute; int&eacute;ressante de python, on peut d&eacute;finir une valeur &agrave; l&#39;infinie comme ceci :</p>\r\n\r\n<pre>\r\n<code class=\"language-python\">a = float(\"inf\")</code></pre>\r\n\r\n<p>Cet objet se comporte comme la notation de l&#39;infini en math : si on lui retire une valeur finie &ccedil;a reste l&#39;infini, si on fait l&#39;infini-l&#39;infini on obtient NaN (Not a Number), c&agrave;d que ce n&#39;est pas d&eacute;fini, etc.</p>\r\n\r\n<p>Voil&agrave; le nouveau code :</p>\r\n\r\n<pre>\r\n<code class=\"language-python\">t = [1,2,-6,4,5,-2,2,-8,5]\r\na = 2\r\nb = 5\r\n\r\n#on initialise à - l\'infini\r\nresult = -float(\"inf\")\r\nsomme = -float(\"inf\")\r\n\r\nfor elt in t:\r\n    if elt == a and somme &lt; 0:\r\n        somme = a\r\n    else:\r\n        somme += elt\r\n    \r\n    if elt == b:\r\n        result = max(result, somme)\r\n   \r\nprint(result)</code></pre>\r\n\r\n<p>Et du coup, on peut facilement r&eacute;soudre le probl&egrave;me du maximum de la somme des termes cons&eacute;cutifs dans un tableau, sans restriction (pas de A et de B) :</p>\r\n\r\n<pre>\r\n<code class=\"language-python\">t = [1,2,-6,4,5,-2,2,-8,5]\r\n\r\n#on initialise à - l\'infini\r\nresult = -float(\"inf\")\r\nsomme = -float(\"inf\")\r\n \r\nfor elt in t:\r\n    if somme &lt; 0:\r\n        somme = elt\r\n    else:\r\n    	somme += elt\r\n \r\n    result = max(result, somme)\r\nprint(result)</code></pre>\r\n\r\n<p>&nbsp;</p>\r\n','2016-02-06 14:42:23','max-nombre-consecutif',1,'<p>Vous disposez d&#39;un tableau contenant des nombres, positifs ou n&eacute;gatifs. On vous donne 2 nombres A et B. Quelle est la somme maximale d&#39;&eacute;l&eacute;ments cons&eacute;cutifs commen&ccedil;ant par A et finissant par B (compris) qui est maximale ?</p>\r\n',''),(17,'Combien de zones dans ce cercle ?',2,'<h3>Position du probl&egrave;me ​<img alt=\"\" height=\"166\" src=\"/media/uploads/adminVulgaireDev/2016/05/08/cinq.png\" style=\"float:right\" width=\"165\" />​</h3>\r\n\r\n<p>On dispose d&#39;un cercle dans lequel un nombre n de points ont &eacute;t&eacute; dispos&eacute;s le long de son p&eacute;rim&egrave;tre. Les points sont ensuite reli&eacute;s deux &agrave; deux, comme sur la figure ci-contre, ce qui g&eacute;n&egrave;re une figure g&eacute;om&eacute;trique.</p>\r\n\r\n<p>Combien existe-t-il de zones ?</p>\r\n\r\n<p>Ce premier probl&egrave;me provient d&#39;une correpondance de Dijsktra : <a href=\"https://www.cs.utexas.edu/users/EWD/ewd10xx/EWD1017.PDF\">https://www.cs.utexas.edu/users/EWD/ewd10xx/EWD1017.PDF </a></p>\r\n\r\n<p>Notons qu&#39;ici j&#39;ai repr&eacute;sent&eacute; les points &agrave; intervalles r&eacute;guliers sur le p&eacute;rim&egrave;tre du cercle de sorte &agrave; obtenir une belle figure g&eacute;om&eacute;trique r&eacute;guli&egrave;re, mais on pourrait tout aussi bien les placer n&#39;importe o&ugrave; sur le p&eacute;rim&egrave;tre (du moment qu&#39;ils ne se confondent pas), cela ne changerait pas le probl&egrave;me.</p>\r\n\r\n<h3>R&eacute;solution du probl&egrave;me</h3>\r\n\r\n<p>Posons <strong>n</strong> = nombres de points et <strong>f</strong> = nombre de zones.</p>\r\n\r\n<p>(image)</p>\r\n\r\n<p>Une restriction cependant : deux points d&#39;intersection entre des lignes ne peuvent pas &ecirc;tre confondus. Autrement dit, on a au maximum deux lignes qui se coupent en un m&ecirc;me point. On ne peut donc pas avoir la disposition suivante (pour n =6):</p>\r\n\r\n<div style=\"text-align:center\">\r\n<figure class=\"image\" style=\"display:inline-block\"><img alt=\"\" height=\"260\" src=\"/media/uploads/adminVulgaireDev/2016/05/14/impossible.png\" width=\"296\" />\r\n<figcaption>Figure impossible d&#39;apr&egrave;s nos restrictions</figcaption>\r\n</figure>\r\n</div>\r\n\r\n<p>Mais pl&ucirc;t&ocirc;t quelque chose du style:</p>\r\n\r\n<div style=\"text-align:center\">\r\n<figure class=\"image\" style=\"display:inline-block\"><img alt=\"\" height=\"229\" src=\"/media/uploads/adminVulgaireDev/2016/05/14/possible.png\" width=\"229\" />\r\n<figcaption>Mais celle-l&agrave; oui !</figcaption>\r\n</figure>\r\n</div>\r\n\r\n<p>Essayons avec diff&eacute;rentes configurations.</p>\r\n\r\n<p>&nbsp;</p>\r\n\r\n<div style=\"text-align:center\">\r\n<figure class=\"image\" style=\"display:inline-block\"><img alt=\"n=2\" height=\"163\" src=\"/media/uploads/2016/02/08/deux.png\" width=\"185\" />\r\n<figcaption>n=2, f=2</figcaption>\r\n</figure>\r\n</div>\r\n\r\n<div style=\"text-align:center\">\r\n<figure class=\"image\" style=\"display:inline-block\"><img alt=\"n=3\" height=\"155\" src=\"/media/uploads/2016/02/08/trois.png\" width=\"177\" />\r\n<figcaption>n=3, f=4</figcaption>\r\n</figure>\r\n</div>\r\n\r\n<div style=\"text-align:center\">\r\n<figure class=\"image\" style=\"display:inline-block\"><img alt=\"\" height=\"159\" src=\"/media/uploads/2016/02/08/quatre.png\" width=\"181\" />\r\n<figcaption>n=4, f=8</figcaption>\r\n</figure>\r\n</div>\r\n\r\n<div style=\"text-align:center\">\r\n<figure class=\"image\" style=\"display:inline-block\"><img alt=\"\" height=\"150\" src=\"/media/uploads/2016/02/08/cinq.png\" width=\"149\" />\r\n<figcaption>n=5, f=16</figcaption>\r\n</figure>\r\n</div>\r\n\r\n<div style=\"text-align:center\">\r\n<figure class=\"image\" style=\"display:inline-block\"><img alt=\"\" height=\"159\" src=\"/media/uploads/2016/02/22/possible_eBgbVBd.png\" width=\"159\" />\r\n<figcaption>n=6, f=31</figcaption>\r\n</figure>\r\n</div>\r\n\r\n<p>&nbsp;</p>\r\n\r\n<p>Lorsqu&#39;on regarde les quatres premi&egrave;res images, on pourrait se dire que la formule qui d&eacute;crit le nombre de parties est f = 2<sup>n-1</sup>. Mais si on regarde pour n = 6, on a 2<sup>6-1</sup> = 32, et on trouve 31. Cette formule ne fonctionne donc pas pour ce probl&egrave;me.</p>\r\n\r\n<p>&nbsp;</p>\r\n\r\n<p>Pour touver la solution, trouvons plusieurs indices qui vont nous guider dans notre raisonnement.</p>\r\n\r\n<p>Nous allons raisonner en imaginant que nous construisons la figure, en ajoutant les cordes une &agrave; une (j&#39;utiliserai parfois le terme corde &agrave; la place de ligne).</p>\r\n\r\n<p>Indice 1 : L&#39;ajout d&#39;une corde sur la figure ajoute un nombre de parts coup&eacute;s &agrave; la figure</p>\r\n\r\n<p>Indice 2 : Ce nombre de nouvelles zones est &eacute;gale au nombre de segments sur la nouvelle corde</p>\r\n\r\n<p>Indice 3 : Le nombre de segments sur une nouvelle corde est lui-m&ecirc;me &eacute;gale au nombre d&#39;intersections sur cette corde, plus 1.</p>\r\n\r\n<div style=\"text-align:center\">\r\n<figure class=\"image\" style=\"display:inline-block\"><img alt=\"\" height=\"275\" src=\"/media/uploads/adminVulgaireDev/2016/05/14/explication.png\" width=\"500\" />\r\n<figcaption>2 zones &agrave; l&#39;origine. On ajoute une corde, ce qui fait ici 2 segments, c&agrave;d 1 intersection,<br />\r\nc&agrave;d 2 nouvelles zones.</figcaption>\r\n</figure>\r\n</div>\r\n\r\n<p>Ainsi, on trouve que l&#39;ajout d&#39;une corde &agrave; la figure entraine la cr&eacute;ation de :</p>\r\n\r\n<p><span class=\"math-tex\">\\(\\Delta f = 1 + nbIntersectionsCorde\\)</span></p>\r\n\r\n<p>zones.</p>\r\n\r\n<p>Si on r&eacute;p&egrave;te ce processus autant de fois qu&#39;il y a de cordes, on trouve :</p>\r\n\r\n<p><span class=\"math-tex\">\\(f = nbCordes + nbIntersections + 1\\)</span></p>\r\n\r\n<p>En effet, &agrave; chaque ajout d&#39;une nouvelle corde, les nouvelles intersections cr&eacute;&eacute;es sont comptabilis&eacute;es, et puisqu&#39;une intersection correspond &agrave; la rencontre d&#39;exactement deux cordes (et pas plus !), ce processus it&eacute;ratif va bien prendre en compte chacune des intersections une seule fois. Le + 1 &agrave; la fin correspond au fait qu&#39;initialement le cercle vide contient une seule zone.</p>\r\n\r\n<p>On peut maintenant trouver f en fonction de n : le nombre de cordes correspond au nombre de fa&ccedil;ons de s&eacute;lectionner 2 points parmis n (puisqu&#39;on relie toutes les cordes possibles), et le nombre d&#39;intersections correspond au nombre de fa&ccedil;ons de s&eacute;lectionner 4 points parmis n. Pourquoi 4? Parce qu&#39;il faut deux cordes pour faire une intersection, donc 4 points.</p>\r\n\r\n<p>On a alors :</p>\r\n\r\n<p><span class=\"math-tex\">\\(f = \\dbinom{n}{2} + \\dbinom{n}{4} + 1\\)</span></p>\r\n\r\n<p><span class=\"math-tex\">\\(f = \\frac{n!}{(n-2!)2!} + \\frac{n!}{(n-4!)4!} + 1\\)</span></p>\r\n\r\n<p><span class=\"math-tex\">\\(f = \\frac{n*(n-1)}{2} + \\frac{n*(n-1)*(n-2)*(n-3)}{24} + 1\\)</span></p>\r\n\r\n<p><span class=\"math-tex\">\\(f = \\frac{n^4-6n^3+23n^2-18n}{24}+1\\)</span></p>\r\n\r\n<p><span class=\"math-tex\">\\(f = \\frac{n^4}{24} - \\frac{n^3}{4} + \\frac{23n^2}{24} + \\frac{3n}{4} + 1\\)</span></p>\r\n\r\n<p>En utilisant la propri&eacute;t&eacute; des coefficients binomiaux suivante:</p>\r\n\r\n<p><span class=\"math-tex\">\\(\\dbinom{n}{k} = \\dbinom{n-1}{k-1} \\dbinom{n-1}{k}\\)</span></p>\r\n\r\n<p>on peut mettre cela sous la forme :</p>\r\n\r\n<p><span class=\"math-tex\">\\(f = \\dbinom{n-1}{0}+ \\dbinom{n-1}{1} + \\dbinom{n-1}{2}+ \\dbinom{n-1}{3} + \\dbinom{n-1}{4}\\)</span></p>\r\n\r\n<p>Ce qui correspond &agrave; la somme des 5 premiers &eacute;l&eacute;ments d&#39;une ligne du triangle de Pascal, comme nous le fait remarquer Dijsktra. Notons que la somme des &eacute;l&eacute;ments d&#39;une ligne du triangle de Pascal vaut 2<sup>numeroLigne</sup>. Donc pour n &lt; 6, on ne voit pas la diff&eacute;rence avec la conjecture qu&#39;on a faite au d&eacute;but, &agrave; savoir dire qu&#39;il y a 2<sup>n</sup> zones. Mais d&egrave;s qu&#39;on arrive &agrave; l&#39;&eacute;tape 6, et bien on ne prend que les 5 premiers &eacute;l&eacute;ments de la ligne, donc on vire le dernier 1, ce qui donne 31 au lieu de 32 !</p>\r\n\r\n<p>NB: Notons que 2 parmis n donne n(n-1)/2, ce qui correspond bien au nombre de liens d&#39;un graphe complet, autrement dit au <a href=\"http://vulgairedev.fr/blog/article/combat-de-poule\">nombre de rencontres dans une &quot;poule&quot; de taille n</a>.</p>\r\n\r\n<p>&nbsp;</p>\r\n\r\n<h3>Autre probl&egrave;me :</h3>\r\n\r\n<p>Un autre probl&egrave;me, plus simple, m&#39;a &eacute;t&eacute; propos&eacute; par un ami. On a un cercle, dans lequel on effectue n sections rectilignes, qui traversent tout le cercle. Combien de zones obtient-on au maximum?</p>\r\n\r\n<p>NB: Pour le min c&#39;est simple, il suffit de tracer toutes les sections de mani&egrave;re parall&eacute;les, et on trouve n+1 zones.</p>\r\n\r\n<p>Pour trouver le max, on r&eacute;flechit de la m&ecirc;me mani&egrave;re que pour le probl&egrave;me pr&eacute;c&eacute;dent, &agrave; savoir par construction. Au d&eacute;but on ajoute une section, ce qui nous donne deux zones. Lorsqu&#39;on ajoute une deuxi&egrave;me, on a 4 zones. Pour la troisi&egrave;me, si on cherche &agrave; faire le maximum de zones, on se rend vite compte qu&#39;il faut que cette section traverse les deux pr&eacute;cedentes, ce qui nous donne 7 zones. etc.</p>\r\n\r\n<p>Indice : Au rang n, pour maximiser le nombre de zones, il suffit de tracer une nouvelle section qui traverse les n-1 autres sections.</p>\r\n\r\n<p>Ainsi, &agrave; chaque &eacute;tape de construction, le nombre de zone est &eacute;gale au nombre de zones d&eacute;j&agrave; existantes, plus le nombre de sections d&eacute;j&agrave; existantes, plus 1:</p>\r\n\r\n<p><span class=\"math-tex\">\\(f_n = n-1 + f_{n-1} + 1 = n + f_{n-1} = n + (n-1) + f_{n-2} = \\frac{n(n+1)}{2} \\)</span></p>\r\n\r\n<p>On trouve donc la suite arithm&eacute;tique de raison 1 commen&ccedil;ant par 1.</p>\r\n\r\n<p>J&#39;en profite pour placer une d&eacute;monstration particuli&egrave;rement &eacute;l&eacute;gante du nombre de termes de cette suite. Je crois que c&#39;est Gauss qui avait trouv&eacute; &ccedil;a quand il &eacute;tait enfant.</p>\r\n\r\n<p><span class=\"math-tex\">\\(f_n = 1 + 2+...+n-1+n\\)</span></p>\r\n\r\n<p>Mais on peut aussi l&#39;&eacute;crire dans l&#39;autre sens:</p>\r\n\r\n<p><span class=\"math-tex\">\\(fn = n + n-1 + ... + 2 + 1\\)</span></p>\r\n\r\n<p>Et du coup, si on somme les deux, on trouve :</p>\r\n\r\n<p><span class=\"math-tex\">\\(2f_n = (n+1)+(n+1)+...+(n+1)+(n+1)\\)</span></p>\r\n\r\n<p>et donc :</p>\r\n\r\n<p><span class=\"math-tex\">\\(f_n = \\frac{n(n+1)}{2}\\)</span></p>\r\n','2016-02-08 12:06:53','nombre-de-partitions-cercle',1,'<p><img alt=\"\" height=\"166\" src=\"/media/uploads/adminVulgaireDev/2016/05/08/cinq.png\" style=\"float:right\" width=\"165\" />On dispose d&#39;un cercle dans lequel un nombre n de points ont &eacute;t&eacute; dispos&eacute;s le long de son p&eacute;rim&egrave;tre. Les points sont ensuite reli&eacute;s deux &agrave; deux, comme sur la figure ci-contre, ce qui g&eacute;n&egrave;re une figure g&eacute;om&eacute;trique.</p>\r\n\r\n<p>Combien existe-t-il de zones ?</p>\r\n\r\n<p>&nbsp;</p>\r\n',''),(18,'Tri en python',2,'<p>En C/C++, quand on veut faire un tri, on peut d&eacute;finir une fonction de comparaison, qui prend en entr&eacute;e deux entit&eacute;s de la collection qu&#39;on veut trier, et nous donne la fa&ccedil;on de les comparer. Cette fonction est ensuite utilis&eacute;e par sort() pour trier comme on le souhaite.</p>\r\n\r\n<p>Ex:</p>\r\n\r\n<pre>\r\n<code class=\"language-cpp\">//admettons qu\'on ait une classe Habitation ayant un attribut surface\r\n//si on veut trier selon la surface, on fait:\r\n\r\nbool comparaisonSurface(Habitation &amp; i,Habitation &amp; j) \r\n{\r\n    return (i.surface &lt; j.surface);\r\n}\r\n\r\nmain()\r\n{\r\n    vector&lt;Habitations&gt; mesHabitations;\r\n    //...\r\n    //on met des objets Habitations dans ce vecteur\r\n    //on trie\r\n    sort(mesHabitations.begin(), mesHabitations.end(), comparaisonSurface);\r\n}</code></pre>\r\n\r\n<p>Bien.</p>\r\n\r\n<p>En python par contre, on n&#39;utilise plus &ccedil;a (c&#39;est d&eacute;conseill&eacute;)</p>\r\n\r\n<p>On a deux fonctions en python pour trier :</p>\r\n\r\n<ul>\r\n	<li>sorted(maListe), qui donne une nouvelle liste tri&eacute;e</li>\r\n	<li>maListe.sort(), qui change maListe</li>\r\n</ul>\r\n\r\n<p>Pour faite l&#39;&eacute;quivalent de ce qu&#39;on avait en c/c++, on utilise le param&egrave;tre nomm&eacute; key :</p>\r\n\r\n<pre>\r\n<code class=\"language-python\">def comparaisonSurface(x):\r\n    return x.surface\r\n\r\nmaListe = []\r\n#on ajoute des Habitation à la liste\r\n\r\nmaListe.sort(key=comparaisonSurface)</code></pre>\r\n\r\n<p>Voyez &ccedil;a comme donner une &eacute;tiquette &agrave; un objet. L&agrave; on dit &agrave; python d&#39;associer une &eacute;tiquette &agrave; chaque objet (ici sa surface), et de trier selon cette etiquette. Plus exactement on lui dit comment fabriquer cette etiquette.</p>\r\n\r\n<p>On peut m&ecirc;me condenser et faire directement :</p>\r\n\r\n<pre>\r\n<code class=\"language-python\">maListe.sort(key = lambda x: x.surface)</code></pre>\r\n\r\n<p>L&#39;avantage de la premi&egrave;re methode c&#39;est qu&#39;on peut faire un tri selon diff&eacute;rents crit&egrave;res : on trie d&#39;abord selon un attribut, puis selon un autre, ex:</p>\r\n\r\n<pre>\r\n<code class=\"language-python\">liste = [{\"nom\":\"Michel\", \"age\":22},{\"nom\":\"Denise\", \"age\":21},{\"nom\":\"Maurice\", \"age\":22}]\r\n\r\ndef mykey(x):\r\n    return -x[\"age\"], x[\"nom\"]\r\n\r\nprint(sorted(liste,key=mykey))\r\n</code></pre>\r\n\r\n<p>Ceci nous sortira la liste tri&eacute;e selon l&#39;&acirc;ge decroissant, puis selon le nom.</p>\r\n','2016-02-26 16:07:53','tri-python',1,'<p>En C/C++, quand on veut faire un tri, on peut d&eacute;finir une fonction de comparaison, qui prend en entr&eacute;e deux entit&eacute;s de la collection qu&#39;on veut trier, et nous donne la fa&ccedil;on de les comparer. Cette fonction est ensuite utilis&eacute;e par sort() pour trier comme on le souhaite.</p>\r\n\r\n<p>En python c&#39;est un peu diff&eacute;rent.</p>\r\n\r\n<p>&nbsp;</p>\r\n',''),(19,'Atteindre un score visé au foot',2,'<p>En ligue 1, gagner un match de foot remporte 3 points, faire un match nul rapporte 1 point, et perdre en rapporte 0.<br />\r\nConnaissant le nombre de matchs qu&#39;il nous reste &agrave; faire, ainsi que le nombre de points qu&#39;on souhaite avoir en fin de saison, quelles sont les diff&eacute;rentes mani&egrave;res d&#39;atteindre ce score, c&agrave;d combien doit-on faire de victoires, de match nul ou de d&eacute;faite ?</p>\r\n\r\n<p>&nbsp;</p>\r\n\r\n<p>Voici un code r&eacute;solvant le probl&egrave;me :</p>\r\n\r\n<pre>\r\n<code class=\"language-python\">\r\ndef findSolutionRec(goal_score, current_score, current_solution, solutions, len_solution, possibilities):\r\n	if current_score == goal_score and len(current_solution) == len_solution:\r\n		#we need to do a deep copy here\r\n		solutions.append(current_solution[:])\r\n		return\r\n	\r\n	#if our score is higher than our goal_score, it is useless to continue. Idem for the len of solution\r\n	if current_score &gt; goal_score or len(current_solution) &gt;= len_solution:\r\n		return\r\n	\r\n	for i in possibilities:\r\n		current_score += i\r\n		current_solution.append(i)\r\n		findSolutionRec(goal_score, current_score, current_solution, solutions, len_solution, possibilities)\r\n		current_solution.pop()\r\n		current_score -= i\r\n	\r\n	\r\npossibilities = {0, 1, 3}\r\nsolutions = []\r\ngoal_score = 14\r\nlen_solution = 7\r\n\r\nfindSolutionRec(goal_score, 0, [], solutions, len_solution, possibilities)\r\n\r\n\r\nfor i in solutions:\r\n	print(\" \".join((str(j) for j in i)))</code></pre>\r\n\r\n<p>C&#39;est une approche &quot;force brute&quot;, c&agrave;d on teste toutes les possibilit&eacute;s. Si on appelle n le nombre de match et p le nombre de fa&ccedil;ons de gagner des points (3 ici), on voit que pour chaque match, on test toutes les possibilit&eacute;s p (m&ecirc;me si on effectue un &quot;cut&quot; dans l&#39;arbre de recherche en regardant si le score courant est sup&eacute;rieur au score vis&eacute;), on a donc une complexit&eacute; en O(p^n). Cela signifie que notre algo fonctionnera bien pour des petites valeurs, mais qu&#39;&agrave; partir d&#39;un moment on va avoir une explosion combinatoire qui va rendre le proc&eacute;d&eacute; tr&egrave;s long.</p>\r\n\r\n<p>On dit qu&#39;un on a une complexit&eacute; exponentielle car :</p>\r\n\r\n<p><span class=\"math-tex\">\\(p^n = e^{ln(p^n)} = e^{nln(p)} = e^n*e^{ln(p)} = ke^n\\)</span></p>\r\n\r\n<p>avec k = e^ln(p).</p>\r\n\r\n<p>J&#39;ai essay&eacute; avec diff&eacute;rentes valeurs de n, en mettant un score &eacute;lev&eacute; afin d&#39;ignorer le cut, et voici ce qu&#39;on obtient comme graphique :</p>\r\n\r\n<p style=\"text-align:center\"><img alt=\"\" height=\"317\" src=\"data:image/png;base64,iVBORw0KGgoAAAANSUhEUgAAAzUAAAKTCAYAAAAg3iarAAAABHNCSVQICAgIfAhkiAAAIABJREFUeJzs3Xt4VfWZ6PF3E0i4JlwEEgSmFVTEUlHrBVtanVovFYtTlXGYVqcOdbzg6VgfKa12Tlt1nlPbOdpjdYJDC8Xq0aktikKV1mpV1KnYHi/ViIBTA+xwCXcSAiT7/GGhIrcQdrLWTj6f5+EpWVns9RLa59nfrt/+rUznzp037tixo1cAAAAUmM6dO2/KREQul8slPQsAAMBBy2Qy0SnpIQAAAA6FqAEAAAqaqAEAAAqaqAEAAAqaqAEAAAqaqAEAAAqaqAEAAAqaqAEAAAqaqAEAAAqaqAEAAAqaqAEAAApaQUbNs88+G1deeWWMHDkyevToEYMHD47x48fHyy+/vMe5CxcujEwms9dfTz/9dNsPDwAA5FXnpAdoie9+97vxpz/9KS666KI4+uijo6amJu6888449dRT4/HHH49Pf/rTe/yZKVOmxPHHH7/bsZEjR7bVyAAAQCvJREQul8slPcdBWbx4cQwfPny3Y8uWLYujjjoqPvGJT8T8+fN3HV+4cGGcdNJJ8eijj8a4cePaelQAAKAVZTKZwlx+9sGgiYgYPHhwDB8+PJYvX77PP7dp06bYvn17a44GAAC0sYKMmr1ZtWpVLFq0KEaPHr3X70+cODFKS0uja9eucdJJJ8WcOXPaeEIAAKA1FORnaj6oqakpJk2aFJlMJm688cbdvte9e/e47LLL4owzzoh+/frFkiVL4o477ojx48fHfffdFxMnTjzo6836yayofrc6X+MDAECHM3To0PjiZV/My2sV5GdqPujqq6+OadOmxb333tusSFm7dm2MGjUqioqK4t13393j+5lMplnXveU7txz0rAAAwHtu/OaNBz7pADKZTGHfqcnlcnHttddGZWVl/OhHP2r2XZe+ffvGBRdcEHfffXdks9moqKjY43X359abb42b/uWmGPc5Gw8AAMDBemzOY3l9vYKNmlwuF1dddVXcc889MX369PjSl750UH9+54YBRUVFrTEeAADQRgpyo4BcLhdXXHHFrqC5/PLL93nu3nY7y2az8fDDD8ewYcNiwIABrTkqAADQygryTs31118f06dPj/Hjx0dpaWk89NBDu75XXFwcn/vc53Z9PWHChOjWrVuceOKJ0a9fv1i6dGlMmzYtamtrY/r06UmMDwAA5FFBRs3zzz8fERGPPPJIPPLII7t9r6ysLNavX7/r6zPPPDN++tOfxvz582PDhg3Ru3fvGDNmTEydOjVOO+20Np0bAADIv4KMmhdffLHZ515zzTVxzTXXtOI0AABAkgryMzUAAAA7iRoAAKCgiRoAAKCgiRoAAKCgiRoAAKCgiRoAAKCgiRoAAKCgiRoAAKCgiRoAAKCgiRoAAKCgiRoAAKCgiRoAAKCgiRoAAKCgiRoAAKCgiRoAAGgH3nprQ9IjJEbUAABAgZs1a3FccslTce+9S5IeJRGiBgAAClhlZVXcffebkctF3HXXG1FZWZX0SG1O1AAAQIGqrKyKmTPfjq1bGyMiYuvWxpg58+0OFzadkx4AAAA4eJWVVTFjxqJoaGja7fjWrY0xY8aiiIi48soRSYzW5typAQCAArOvoNmpoaEpZszoOHdsRA0AABSQqqoNMW1a1T6DZqeGhsaYNq2qQ+yKJmoAAKCAjBhRFjfdNDpKSvb/Vr6kpFPcdNPoOProsjaaLDk+UwMAAAXmwgs/FBERt932WjQ0NO7x/ZKSTjFlykd3ndfeiRoAAChA+wqbkpKimDJlVIcJmgjLzwAAoGBdeOGHYvLkY6Jbt6KIeC9orr12ZIcKmghRAwAABe2LXxweV111TERE/P3fD48vfGFYwhO1PVEDAAAF7gtfGBZdunSKK688OulREiFqAACgwNXWNkRZWXEUF3fMt/cd828NAADtSDZbF+Xl3ZIeIzGiBgAAClw2Wx8VFaIGAAAoUNlsXQwa1CPpMRIjagAAoMBZfgYAABQ0y88AAICCZvkZAABQ0FasqHOnBgAAKEybNm2PiIhevbokPElyRA0AABSwbLYuKiq6Jz1GokQNAAAUsI6+SUCEqAEAgILmTo2oAQCAgiZqRA0AABQ0y89EDQAAFLSO/oyaCFEDAAAFLZutj/Jyd2oAAIAC1NDQGJs2bY/DDitJepREiRoAAChQq1Ztjf79u0anTpmkR0mUqAEAgAK1YkVdh98kIELUAABAwbKd83tEDQAAFKiamnpRE6IGAAAKluVn7xE1AABQoCw/e4+oAQCAAmX52XtEDQAAFKCmplysXOnBmxGiBgAAClJtbUOUlhZHcbG39H4CAABQgLLZepsE/JmoAQCAArRixRafp/kzUQMAAAXIJgF/IWoAAKAAeUbNX4gaAAAoQJ5R8xeiBgAACpDlZ38hagAAoABZfvYXogYAAArMpk3bI5OJ6NWrS9KjpIKoAQCAAvPeM2osPdtJ1AAAQIHxjJrdiRoAACgwNTX1UV7u8zQ7iRoAACgw2Wx9DBrkTs1OogYAAArMihVb3Kl5H1EDAAAFpqamPgYN6pH0GKkhagAAoMC8t/uZOzU7iRoAACggDQ2NsWnT9ujXryTpUVJD1AAAQAFZuXJrDBjQNTp1yiQ9SmqIGgAAKCDZbJ1NAj5A1AAAQAHJZus8ePMDRA0AABQQz6jZk6gBAIACYvnZnkQNAAAUEMvP9iRqAACggFh+tidRAwAABaKpKRerVtXHwIGWn72fqAEAgAKxZk1DlJZ2ieJib+Pfz08DAAAKRE1Nvc/T7IWoAQCAArFixRZRsxeiBgAACkQ2Wx8VFT5P80GiBgAACoTtnPdO1AAAQIEQNXsnagAAoEBYfrZ3ogYAAApENlsXgwb1SHqM1BE1AABQADZu3B6ZTETPnp2THiV1RA0AABQAz6jZN1EDAAAFwDNq9k3UAABAAbBJwL6JGgAAKACWn+2bqAEAgAJg+dm+iRoAACgAlp/tm6gBAIACkM3WuVOzD6IGAABSrqGhMTZv3hH9+pUkPUoqiRoAAEi5lSu3xoABXaNTp0zSo6SSqAEAgJSz9Gz/RA0AAKTcihV1NgnYD1EDAAAp5xk1+ydqAAAg5TyjZv8KMmqeffbZuPLKK2PkyJHRo0ePGDx4cIwfPz5efvnlvZ6/cePGmDx5clRUVETXrl3j+OOPj5/97GdtPDUAALSMZ9TsX0FGzXe/+91YsGBBXHTRRXHPPffEddddF6+88kqceuqp8eSTT+52bi6Xi/PPPz9+8pOfxNe//vWYPXt2HH300TFhwoR48MEHE/obAABA81l+tn+dkx6gJe64444YPnz4bsf+9m//No466qj47ne/G5/+9Kd3HZ89e3Y888wzMX369PjHf/zHiIg455xzYunSpXHDDTfExRdfHJ06FWTbAQDQATQ15WLVqvoYONCdmn0pyHfzHwyaiIjBgwfH8OHDY/ny5bsdnz17dhQXF8fEiRN3HctkMnHppZdGdXV1LFy4sNXnBQCAllqzpiFKS7tEcXFBvnVvE+3mJ7Nq1apYtGhRjB49erfjr7/+egwbNiy6ddu9bEeNGrXr+wAAkFbZbF0MGtQj6TFSrV1ETVNTU0yaNCkymUzceOONu32vtrY2+vbtu8ef2Xmstra2TWYEAICW8IyaAyvIz9R80OTJk2Pu3Llx7733xsiRIw/59TKZTB6mAgCAQ1dTUx/l5aJmfwr6Tk0ul4vJkydHZWVlTJ8+fbfPzezUr1+/WLt27R7Hdx7r16/fXl93f79u+c4t+f/LAADAXlh+dmAFGzW5XC6uuuqquPvuu2P69OnxpS99aa/njRo1KhYvXhx1dXW7HX/11VcjIuIjH/lIq88KAAAtZfnZgRVk1ORyubjiiivinnvuienTp8fll1++z3P/5m/+JrZv3x733XffrmNNTU0xa9asGDJkSHzsYx9ri5EBAKBFLD87sIL8TM31118f06dPj/Hjx0dpaWk89NBDu75XXFwcn/vc53Z9fcEFF8QnP/nJuO6662LTpk1x5JFHxqxZs2LhwoXxwAMPeEYNAACpZvnZgRVk1Dz//PMREfHII4/EI488stv3ysrKYv369bu+zmQyMWfOnPjGN74Rt912W6xfvz5GjBgRDz74YEyYMKFN5wYAgIOxceP2yGQievYsyLftbaYgfzovvvjiQZ1fVlYWd911V9x1112tNBEAAOSfuzTNY+0VAACkVDbr8zTNIWoAACClslk7nzWHqAEAgJSy/Kx5RA0AAKSU5WfNI2oAACClLD9rHlEDAAApZflZ84gaAABIoYaGpti8eUf061ec9CipJ2oAACCFamrqYsCArpHJZJIeJfVEDQAApFBNTX1UVHRPeoyCIGoAACCFVqywSUBziRoAAEih93Y+c6emOUQNAACkkKhpPlEDAAAplM3WW37WTKIGAABSyJ2a5hM1AACQMk1NEatXb43ycndqmkPUAABAyqxeXR9lZcXRpYu3683hpwQAACnjGTUHR9QAAEDKeEbNwRE1AACQMjYJODiiBgAAUsbys4MjagAAIGUsPzs4ogYAAFLG8rODI2oAACBlslnLzw6GqAEAgBTZsGFbdOoU0bNn56RHKRiiBgAAUqSmpj4GDeqR9BgFRdQAAECKvLf0zCYBB0PUAABAiqxYscXnaQ6SqAEAgBTxjJqDJ2oAACBFLD87eKIGAABSxPKzgydqAAAgRSw/O3iiBgAAUqKhoSk2b94R/foVJz1KQRE1AACQEjU1dTFgQNfIZDJJj1JQRA0AAKRENlsfgwZZenawRA0AAKSETQJaRtQAAEBK1NTUR3m57ZwPlqgBAICUsPysZUQNAACkhOVnLSNqAAAgJSw/axlRAwAAKdDUFLF69VZR0wKiBgAAUmD16vooKyuOLl28RT9YfmIAAJAC2Wx9VFS4S9MSogYAAFIgm62LQYN6JD1GQRI1AACQAtlsnc/TtJCoAQCAFPCMmpYTNQAAkALu1LScqAEAgBTIZus8eLOFRA0AAKSA5WctJ2oAACBhGzZsi6KiTPTo0TnpUQqSqAEAgIR5Rs2hETUAAJAwn6c5NKIGAAASJmoOjagBAICEWX52aEQNAAAkrKam3p2aQyBqAAAgYStWbBE1h0DUAABAwiw/OzSiBgAAErR1a2Ns2bI9+vUrSXqUgiVqAAAgQTU19TFwYLfIZDJJj1KwRA0AACTIJgGHTtQAAECCbBJw6EQNAAAkyCYBh07UAABAgiw/O3SiBgAAEmT52aETNQAAkCDLzw6dqAEAgIQ0NUWsWbM1Bg4UNYdC1AAAQEJWraqP3r2Lo0sXb8sPhZ8eAAAkpKamPsrL3aU5VKIGAAASks3WxaBBPZIeo+CJGgAASMiKFXU2CcgDUQMAAAnxjJr8EDUAAJCQbLZO1OSBqAEAgIRYfpYfogYAABJi+Vl+iBoAAEjA+vXboqgoEz16dE56lIInagAAIAHv3aWx9CwfRA0AACTAM2ryR9QAAEACbBKQP6IGAAASUFNTH+XloiYfRA0AACTA8rP8ETUAAJAAy8/yR9QAAEACLD/LH1EDAABtbOvWxtiyZXv061eS9CjtgqgBAIA2VlNTHwMHdotMJpP0KO2CqAEAgDaWzdZFRUX3pMdoN0QNAAC0sWy2PgYNEjX5ImoAAKCNZbN1NgnII1EDAABtzDNq8kvUAABAG8tm6z2jJo9EDQAAtDHLz/JL1AAAQBtqaopYs2ZrDBwoavJF1AAAQBtatao+evcuji5dvBXPFz9JAABoQ55Rk3+iBgAA2tB7mwSImnwSNQAA0Ibeu1Pj8zT5JGoAAKANWX6Wf6IGAADakOVn+SdqAACgDVl+ln+iBgAA2lBNjTs1+SZqAACgjaxfvy06d85Ejx6dkx6lXRE1AADQRmwS0DoKMmpqa2vj+uuvj9NPPz1KS0sjk8nEzJkz93ruwoULI5PJ7PXX008/3aZzAwDQsdkkoHUU5H2vbDYbM2fOjBNOOCHOPvvseOihhw74Z6ZMmRLHH3/8bsdGjhzZWiMCAMAebBLQOgoyakaOHBm1tbUREfH00083K2rGjh0b48aNa+3RAABgnyw/ax0FufysU6eWjb1p06bYvn17nqcBAIDmsfNZ6yjIqGmJiRMnRmlpaXTt2jVOOumkmDNnTtIjAQDQwaxYYflZayjI5WcHo3v37nHZZZfFGWecEf369YslS5bEHXfcEePHj4/77rsvJk6cuMefyWQyCUwKAEB7Z/lZ62j3UTNy5Mg9dkb74he/GKNGjYqpU6fuNWpyudx+X/PWm2+Nm/7lpnyOCQBAO1df3xj19Y3Rt29x0qO0Ox1m+dn79e3bNy644IKorq6ObDab9DgAAHQANTV1MXBgN6uCWkGHjJqI2LVhQFFRUcKTAADQEdTU1Ed5uc/TtIZ2HzV72+0sm83Gww8/HMOGDYsBAwYkMBUAAB1NNlsfgwb5PE1rKNjP1MyZMye2bdsWf/zjHyMiYuHChdGzZ8+IiBg/fnx06dIlIiImTJgQ3bp1ixNPPDH69esXS5cujWnTpkVtbW1Mnz49sfkBAOhYVqzYYpOAVlKwUXPppZfGhg0bdn191113xV133RUREevWrYvevXtHRMSZZ54ZP/3pT2P+/PmxYcOG6N27d4wZMyamTp0ap512WiKzAwDQ8dTU1Mcpp1gl1BoKNmrWr1/frPOuueaauOaaa1p5GgAA2L9stt4zalpJu/9MDQAApIHlZ61H1AAAQCtrbMzFmjUNMXCgOzWtQdQAAEArW716a/TpUxydO3tGTWsQNQAA0Mqy2TpLz1qRqAEAgFbmGTWtK6+7n+3YsSMWL14cq1evjnXr1kVZWVn0798/hg8fHsXFxfm8FAAAFAybBLSuQ46adevWxX333RePPfZYLFiwIDZv3rzHOd26dYtTTz01zj333Lj00ktj4MCBh3pZAAAoGDU19XHUUWVJj9FutThq3nnnnfjOd74TDzzwQGzdujUiInr27BknnHBC9O3bN8rKymLjxo2xbt26ePvtt+Opp56Kp556Km688cYYP358fOtb34pjjz02b38RAABIq2y2Pk4/vSLpMdqtFkXNV77ylaisrIzt27fHmDFj4pJLLokzzjgjRo4cGZ067fkxnVwuF2+99VY888wz8cADD8QvfvGLmD17dlx22WVx9913R0lJySH/RQAAIK0sP2tdLdoooLKyMr70pS/F4sWLY8GCBXHttdfGRz7ykb0GTUREJpOJESNGxBVXXBG/+c1v4t13342vfOUr8cADD8S6desO6S8AAABpl83WR3m5Z9S0lhbdqVmyZEkMHjy4xRc9/PDD49/+7d9i6tSpUVpa2uLXAQCAtFu/flsUF3eKHj3yukcX79Oin+yhBM379e/fPy+vAwAAaeUZNa0vL8+pWbVqVbz44ouxevXq3Y5XV1fH5ZdfHieffHJcfPHF8eqrr+bjcgAAUDCy2fqoqLD0rDXl5R7YzTffHD/84Q/jzTff3HX3ZfPmzTFmzJhYvnx5RES89NJLMX/+/Hjttddi6NCh+bgsAACkXjZbF4MG9Uh6jHYtL3dqfvvb38axxx4bI0aM2HVs5syZsXz58pgwYUK89dZbcfvtt8fGjRvj+9//fj4uCQAABSGbrbNJQCvLy52a5cuXx9ixY3c79uijj0anTp3iBz/4QZSXl8dRRx0Vs2bNil//+tf5uCQAABSEbLY+jjuub9JjtGt5uVOzefPm6NWr166vd+zYES+88EKMHj06ysvLdx0/5phjorq6Oh+XBACAgmD5WevLS9RUVFTEO++8s+vrBQsWxKZNm+JTn/rUbuc1NTVF5862sgMAoOOw/Kz15SVqTjnllHjhhRfiF7/4RaxZsyZuvvnmiIg4//zzdzuvqqoqKioq8nFJAABIvfr6xqivb4y+fYuTHqVdy0vUTJ06NYqKiuLCCy+M/v37x5NPPhljxozZ7U7N8uXL45VXXomTTz45H5cEAIDUq6mpi4EDu0Umk0l6lHYtL2vBjj/++HjyySfjjjvuiNWrV8eJJ54YN910U3Tq9Jdmmj17dgwdOjTGjRuXj0sCAEDqeUZN28jbB1zGjh27xw5o7zd58uSYPHlyvi4HAACpZ5OAtpGX5WcAAMCebBLQNkQNAAC0EsvP2kaLombhwoV5ufgbb7wRdXV1eXktAABIm2y2Lioquic9RrvXoqg56aSTYty4cfHcc8+16KIvv/xy/O3f/m2MGjUqNm7c2KLXAACAtBM1baNFGwX827/9W9x6660xduzY+PCHPxwTJ06M008/PT72sY9F79699zh/06ZN8fLLL8czzzwT//f//t+oqqqKnj17xje/+c047LDDDvkvAQAAadPYmIva2oYYONDys9bWoqj56le/Gpdffnl8//vfj//4j/+IW2+9NW699dbIZDIxcODA6Nu3b/Tq1Ss2b94ca9eujZUrV0ZTU1NERPTu3Tu+8pWvxNe//vUYOHBgXv8yAACQFqtXb40+fUqic2fPqGltLd7SuXfv3nHLLbfE//yf/zMeeeSReOyxx+KZZ56Jd955J2pqanY7d8iQIfGJT3wizj333LjooouiWze1CgBA+7ZiRZ1NAtrIIT+npkuXLnHRRRfFRRddFBHvLTVbtWpVrF+/PkpLS2PAgAFRVlZ2yIMCAEAh8XmatpO3h2/u1KtXr+jVq1e+XxYAAAqKqGk7eXlOzapVq+LFF1+M1atX73a8uro6Lr/88jj55JPj4osvjldffTUflwMAgNTzjJq2k5eoufnmm2PMmDFRW1u769jmzZtjzJgxMWPGjHjppZfioYceirFjx8a7776bj0sCAECquVPTdvISNb/97W/j2GOPjREjRuw6NnPmzFi+fHlMmDAh3nrrrbj99ttj48aN8f3vfz8flwQAgFQTNW0nL5+pWb58eYwdO3a3Y48++mh06tQpfvCDH0R5eXkcddRRMWvWrPj1r3+dj0sCAECq1dRYftZW8nKnZvPmzbttDrBjx4544YUXYvTo0VFeXr7r+DHHHBPV1dX5uCQAAKTW+vXbori4KLp3z/u+XOxFXqKmoqIi3nnnnV1fL1iwIDZt2hSf+tSndjuvqakpOnf2DwsAQPvmGTVtKy9Rc8opp8QLL7wQv/jFL2LNmjVx8803R0TE+eefv9t5VVVVUVFRkY9LAgBAatXU1Ed5uahpK3mJmqlTp0ZRUVFceOGF0b9//3jyySdjzJgxu92pWb58ebzyyitx8skn5+OSAACQWtlsXQwa1CPpMTqMvKwFO/744+PJJ5+MO+64I1avXh0nnnhi3HTTTdGp01+aafbs2TF06NAYN25cPi4JAACpZflZ28rbB1zGjh27xw5o7zd58uSYPHlyvi4HAACpVVNTH6NH9016jA4jL8vP9mbLli2xZcuW1np5AABILcvP2lZeo2bu3Llx3nnnRVlZWfTs2TN69uwZZWVlcd5558W8efPyeSkAAEgty8/aVl6ipqmpKSZNmhTjxo2LefPmxcaNG6N3797Ru3fv2LhxY8ybNy/OO++8+PKXvxxNTU35uCQAAKRSfX1jbN3aGH36FCc9SoeRl6i5884740c/+lEMGTIk7rnnnti4cWOsW7cu1q1bFxs3boz/+I//iCFDhsT06dPjhz/8YT4uCQAAqbRzO+dMJpP0KB1GXqKmsrIyevbsGc8991x8+ctfjl69eu36Xq9evWLSpEnx7LPPRs+ePaOysjIflwQAgFTKZus8o6aN5SVqli5dGmeddVYMHTp0n+f81V/9VZx55pmxdOnSfFwSAABSySYBbS8vUXPYYYdF584H3h26S5cu0b9//3xcEgAAUimbrbdJQBvLS9RccMEF8atf/Spqa2v3eU5tbW38+te/js9//vP5uCQAAKSS5WdtLy9R86//+q9xxBFHxF//9V/HE088scf3n3jiifjrv/7rGDZsWNxyyy35uCQAAKSS5Wdt78BrxprhvPPOi0wmE6+++mqcc845UVZWtuvzNe+++25s2LAhIiJOOumkOPfcc/f4888991w+xgAAgMR5Rk3by0vULFiwYLevN2zYEK+99toe57300kv5uBwAAKRSY2Mu1q5tiAEDRE1bykvUVFdX5+NlAACgoK1atTX69CmJzp09o6Yt5SVqBg8enI+XAQCAgpbNWnqWhLxsFAAAAOyMmu5Jj9HhiBoAAMiTbLY+Bg0SNW0tL8vPdlqyZEk8++yzkc1mo6GhYZ/nfetb38rnZQEAIBWy2boYMaIs6TE6nLxETX19fUyaNCnuv//+Zp0vagAAaI+y2bo444yKpMfocPISNVOmTIn7778/DjvssPj7v//7GD58ePTs2TMfLw0AAAXD8rNk5CVqHnjggSgrK4uXX35510M3AQCgo8lm66K83O5nbS0vGwXU1dXFySefLGgAAOiw1q/fFiUlRdG9e14/tk4z5CVqRo4cGStXrszHSwEAQEFascIzapKSl6i54YYb4rXXXosnnngiHy8HAAAFxzNqkpOXe2MTJkyIbDYbl1xySVxxxRVx9tlnx+DBg6NTp7030/Dhw/NxWQAASA2bBCQnbwv+jjrqqOjXr1/cdtttcdttt+333Fwul6/LAgBAKtgkIDl5iZpf/OIXcfHFF0dTU1P0798/jjjiCFs6AwDQoWSzdXH88f2SHqNDykvUfPvb346mpqa4++6744orroiioqJ8vCwAABQMy8+Sk5eoWbRoUZx00klx1VVX5ePlAACg4Fh+lpy87H7Wv3//6NGjRz5eCgAACk59fWNs3doYffoUJz1Kh5SXqJkwYUK8/PLLnlUDAECHVFNTH+Xl3SKTySQ9SoeUl6j5zne+E6NHj47x48fH66+/no+XBACAgrFixRbPqElQXj5Tc9ZZZ8WOHTviv/7rv+KjH/1oDB48eL/PqXnuuefycVkAAEiFbLY+Kip8niYpeYmaBQsW7Pp9LpeL6urqqK6uzsecsAaHAAAgAElEQVRLAwBA6tXU1LtTk6C8RI2AAQCgI1uxYkucdtrApMfosPISNYMHD87HywAAQEF6b/mZOzVJyUvU7LRu3bp44IEHYuHChVFbWxsTJkyIiRMnRkREVVVVLFu2LE477bTo3t0/OAAA7Uc2W+czNQnKW9T8/Oc/j8svvzw2bty469jo0aN3/f7NN9+Mz3/+83H//ffH3/3d3+XrsgAAkKjGxlysXdsQAwaImqTkZUvnF154IS655JJoamqKb33rW/Gb3/xmj3POO++86NWrVzz88MP5uCQAAKTCqlVbo2/fkujc2TNqkpKXOzW33npr5HK5eOKJJ+K0007b6znFxcVx4oknxquvvpqPSwIAQCp4Rk3y8nKn5vnnn48xY8bsM2h2qqioiGXLluXjkgAAkArZbH2Ul1t6lqS8RM2WLVti4MADb2G3Zs2ayOVy+bgkAACkQk1NfQwa5E5NkvISNYMGDYo//vGP+z2noaEhXn311fjwhz+cj0sCAEAqWH6WvLxEzbnnnhtVVVVx77337vOcm2++OVauXBnjxo3LxyUBACAVamosP0taXqJm6tSp0bt37/iHf/iHuOaaa2L+/PkREbF27dqYM2dOfP7zn49bb701Bg4cGF/96lfzcUkAAEiFbNbys6TlJWqGDh0a8+bNi/Ly8rj77rvj7LPPjoiIO++8M8aPHx+zZ8+OioqKeOyxx6J///75uCQAACQul8tFNlvnTk3C8vbwzTFjxkRVVVX85Cc/ifnz58d///d/R1NTUwwePDjOOuusmDRpUpSWlubrcgAAkLj167dHSUmn6N49b2+raYG8/vR79eoVkydPjsmTJ+fzZQEAIJWy2boYNKhH0mN0eHlZfnbJJZfEQw89dMDz7rnnnrjkkkvycUkAAEicpWfpkJeoefDBB+P1118/4Hm/+93v4sEHH8zHJQEAIHE2CUiHvERNczU0NETnztYbAgDQPmSzdZ5RkwJtFjX19fXx4osvxsCBA9vqkgAA0KosP0uHFt82GT169G5fV1ZWxsMPP7zXc3fs2BF/+tOfYvPmzTFp0qSWXhIAAFLF8rN0aHHUvPLKK7t9vXLlyli5cuU+z+/du3dceuml8b3vfa+llwQAgFRZsWKL5Wcp0OKoWbdu3a7f9+nTJ772ta/F1KlT93pucXFxdO/uHxsAgPZjy5YdsW1bU/TpU5z0KB1ei6Omd+/eu35/++23x6mnnrrbMQAAaM9WrqyP8nL/x30a5GUrsn/+53/Ox8sAAEDBsElAerTpls4AANBeZLP1UVEhatJA1AAAQAt4Rk16iBoAAGgBUZMeBRk1tbW1cf3118fpp58epaWlkclkYubMmfs8f+PGjTF58uSoqKiIrl27xvHHHx8/+9nP2m5gAADaHcvP0qMgoyabzcbMmTOjS5cucfbZZ+/33FwuF+eff3785Cc/ia9//esxe/bsOProo2PChAnx4IMPttHEAAC0N9lsXQwa1CPpMYg87X7W1kaOHBm1tbUREfH000/HQw89tM9zZ8+eHc8880xMnz49/vEf/zEiIs4555xYunRp3HDDDXHxxRdHp04F2XYAACRkx45c1NY2xIABXZMehSjQOzUHEyGzZ8+O4uLimDhx4q5jmUwmLr300qiuro6FCxe2xogAALRjq1bVR79+JVFUlEl6FKJAo+ZgvP766zFs2LDo1m339Y6jRo3a9X0AADgYNglIl3YfNbW1tdG3b989ju88tnMZGwAANJdNAtKlID9T09oyGbcRAQDYN5sEpEu7v1PTr1+/WLt27R7Hdx7r16/fHt/L5XL7/XXLd25p9bkBAEivbLYuysvdqUmLdh81o0aNisWLF0ddXd1ux1999dWIiPjIRz6SxFgAABQwy8/Spd1Hzd/8zd/E9u3b47777tt1rKmpKWbNmhVDhgyJj33sYwlOBwBAIbL8LF0K9jM1c+bMiW3btsUf//jHiIhYuHBh9OzZMyIixo8fH126dImIiAsuuCA++clPxnXXXRebNm2KI488MmbNmhULFy6MBx54wDNqAAA4KLlcLmpq6i0/S5GCjZpLL700NmzYsOvru+66K+66666IiFi3bl307t07It770P+cOXPiG9/4Rtx2222xfv36GDFiRDz44IMxYcKERGYHAKBwrV+/PUpKOkW3bkVJj8KfFWzUrF+/vtnnlpWV7RY9AADQUpaepY+1VwAAcBBWrKizSUDKiBoAADgI2WxdVFR0T3oM3kfUAADAQaipqRc1KSNqAADgIFh+lj6iBgAADoLlZ+kjagAA4CCImvQRNQAA0ExbtuyIbduaok+f4qRH4X1EDQAANNPKlfVRXu4uTdqIGgAAaCabBKSTqAEAgGbKZuuivFzUpI2oAQCAZqqpqY9Bg3okPQYfIGoAAKCZLD9LJ1EDAADNZPlZOokaAABoJsvP0knUAABAM+zYkYu1axtiwICuSY/CB4gaAABohlWr6qNv35IoKsokPQofIGoAAKAZstn6GDTIgzfTSNQAAEAz2CQgvUQNAAA0QzZbZ5OAlBI1AADQDNlsvWfUpJSoAQCAZrD8LL1EDQAANIPlZ+klagAA4AByuVxks3WWn6WUqAEAgANYt25bdOvWObp2LUp6FPZC1AAAwAF4Rk26iRoAADgAmwSkm6gBAIADeO/zNO7UpJWoAQCAA7D8LN1EDQAAHIDlZ+kmagAA4AAsP0s3UQMAAAdg+Vm6iRoAANiPLVt2xLZtjdG7d3HSo7APogYAAPbjhRdWRXm5uzRpJmoAAGAfZs1aHDfc8LvI5ZKehP0RNQAAsBeVlVVx991vRi4XUV29OSorq5IeiX0QNQAA8AGVlVUxc+bbsXVrY0RENDbmYubMt4VNSnVOegAAAEiTysqqmDFjUTQ0NO12fOvWxpgxY1FERFx55YgkRmMf3KkBAIA/21fQ7NTQ0BQzZrhjkzaiBgAAIqKqakNMm1a1z6DZqaGhMaZNq4q33trQRpNxIKIGAAAiYsSIsrjpptFRUrL/t8glJZ3ipptGx9FHl7XRZByIz9QAAMCfXXjhhyIi4rbbXouGhsY9vl9S0immTPnorvNIB1EDAADvs6+wKSkpiilTRgmaFLL8DAAAPuDCCz8U5547ODr9+d1yt26d49prRwqalBI1AACwF/X1O+LTnz48MpmIq68+Jr7whWFJj8Q+WH4GAAAfsHnzjliwYGXMm3d2TJp0lE0BUk7UAADAB/zmNyvilFMGRGlplygtFTRpZ/kZAAB8wNy51fHZzw5OegyaSdQAAMD7rFxZH1VV62Ps2PKkR6GZRA0AALzPE08sj09/elAUF3urXCj8SwEAwPvMm1cd5503NOkxOAiiBgAA/mzx4o2xceP2OOGEvkmPwkEQNQAA8Ge//OWyOOecwZHJZJIehYMgagAAICKamnIxd251jBs3JOlROEiiBgAAIuIPf6iN0tIuccQRvZIehYMkagAAICLmzVtmg4ACJWoAAOjwtm1riiefXOGBmwVK1AAA0OE999zKOOqosujfv2vSo9ACogYAgA5v3rxqd2kKmKgBAKBD27Rpe/zud6vjM585POlRaCFRAwBAh/arXy2PU08dED16dE56FFpI1AAA0KHNm7fM0rMCJ2oAAOiwVqyoiyVLNsYnPlGe9CgcAlEDAECH9cQTy+Mznzk8OnfOJD0Kh0DUAADQYT366Lvx2c8OSXoMDpGoAQCgQ1q0aGNs29YUxx3XJ+lROESiBgCADmnu3Hfj3HMHRyZj6VmhEzUAAHQ4TU12PWtPRA0AAB3OwoWro3//rvHhD/dKehTyQNQAANDhvHeXxgYB7YWoAQCgQ2loaIqnnspaetaOiBoAADqUZ56piZEje0ffviVJj0KeiBoAADqUuXPfdZemnRE1AAB0GOvXb4vf/742zjzz8KRHIY9EDQAAHcavfrU8Pv7xgdGtW1HSo5BHogYAgA5j3rxlcd55dj1rb0QNAAAdwrJlW6K6ekuMGTMg6VHIM1EDAECH8Pjjy+MznxkURUWZpEchz0QNAAAdwty51R642U6JGgAA2r033lgfTU25GDWqT9Kj0ApEDQAA7d68edVx7rmeTdNeiRoAANq1pqaIxx+361l7JmoAAGjX/uu/VkVFRfcYMqRH0qPQSkQNAADt2rx5y2wQ0M6JGgAA2q36+sZ4+ulsnHOOz9O0Z6IGAIB26+mns3HccX2jT5/ipEehFYkaAADarXnzqm0Q0AGIGgAA2qXa2oZ45ZW1ccYZFUmPQisTNQAAtEu/+tXy+OQny6Nr16KkR6GViRoAANolu551HKIGAIB2509/2hwrVmyJU08dkPQotAFRAwBAu/PLXy6Lc84ZHJ282+0Q/DMDANCu5HK5mDu32tKzDkTUAADQrrz++vooLu4UI0f2TnoU2oioAQCgXZk3rzrOOWdw0mPQhkQNAADtxo4duZg/f3mMGzc06VFoQ6IGAIB248UXV8WQIT2ioqJb0qPQhkQNAADthg0COiZRAwBAu1BXtyMWLFgZZ599eNKj0MZEDQAA7cJvfpONE044LMrKipMehTbW7qNm4cKFkclk9vrr6aefTno8AADyZN686vjsZ+161hF1TnqAtjJlypQ4/vjjdzs2cuTIhKYBACCf1qzZGn/847q4/fZTkh6FBHSYqBk7dmyMGzcu6TEAAGgFTzyxPE4/vSJKSoqSHoUEtPvlZ++3adOm2L59e9JjAACQZ3Y969g6TNRMnDgxSktLo2vXrnHSSSfFnDlzkh4JAIA8WLp0U9TWNsRJJx2W9CgkpN1HTffu3eOyyy6LO++8Mx599NH43//7f8eaNWti/Pjxcf/99yc9HgAAh+jxx5fFOeccHp06ZZIehYRkIiKXy+WSnqNNrV27NkaNGhVFRUXx7rvv7vH9TKZ5/4P4f//v/+V7NAAADkIul4vPfnZ+/OAHY+Koo0qTHodmemzOYxERceM3bzzk18pkMu3/Ts3e9O3bNy644IKorq6ObDa7x/dzudx+f93ynVsSmBoAgA969dV10bNnF0HTwXXIqImIXRsGFBXZIQMAoFDNnVsd557r2TQdXbuPmr3tdpbNZuPhhx+OYcOGxYABAxKYCgCAQ7V9e1PMn7/crme0/+fUTJgwIbp16xYnnnhi9OvXL5YuXRrTpk2L2tramD59etLjAQDQQgsWrIxhw3pFeXm3pEchYe0+as4888z46U9/GvPnz48NGzZE7969Y8yYMTF16tQ47bTTkh4PAIAWmjdvWZx33tCkxyAF2n3UXHPNNXHNNdckPQYAAHm0efOOeP75lfHNb45OehRSoN1/pgYAgPbnySdXxCmnDIhevbokPQopIGoAACg48+ZVx2c/a9cz3iNqAAAoKCtX1seiRRvik58sT3oUUkLUAABQUB5/fFmccUZFdOnirSzv8d8EAAAKil3P+CBRAwBAwVi8eGNs2rQ9Tjihb9KjkCKiBgCAgvHLXy6Lc84ZHJlMJulRSBFRAwBAQWhqysXcudUxbtyQpEchZUQNAAAF4Q9/qI2ysuI44oheSY9CyogaAAAKwrx5yzybhr0SNQAApN62bU3x5JMr4rOftfSMPYkaAABS79lna+Loo8uif/+uSY9CCokaAABS772lZ+7SsHeiBgCAVNu0aXu89NLqOPPMQUmPQkqJGgAAUu1Xv1oRp546IHr06Jz0KKSUqAEAINXmzn3Xrmfsl6gBACC1Vqyoi6VLN8UnPlGe9CikmKgBACC1Hn98WXzmM4dH586ZpEchxUQNAACp9dhj1XY944BEDQAAqbRo0cbYtq0pjjuuT9KjkHKiBgCAVJo7990499zBkclYesb+iRoAAFKnqWnnAzftesaBiRoAAFJn4cLV0b9/1/jwh3slPQoFQNQAAJA68+Yti/POs0EAzSNqAABIlYaGpnjqqWyce66lZzSPqAEAIFWeeaYmjj22d/TtW5L0KBQIUQMAQKrMnfuuZ9NwUEQNAACpsX79tvj972vj058elPQoFBBRAwBAasyfvzw+/vGB0a1bUdKjUEBEDQAAqTFvXrVdzzhoogYAgFRYtmxLLFtWF2PGDEh6FAqMqAEAIBV++ctl8ZnPDIqiokzSo1BgRA0AAKkwb94yu57RIqIGAIDEvfHG+sjlcjFqVJ+kR6EAiRoAABI3b151nHPO4KTHoECJGgAAEtXYmItf/nKZXc9oMVEDAECifve71XH44T1iyJAeSY9CgRI1AAAk6r0NAiw9o+VEDQAAiamr2xFPP52Ns88WNbScqAEAoM299daGiIj47W9rYvTovtGnT3HCE1HIRA0AAG1q1qzFccklT8W99y6JefOqPZuGQ9Y56QEAAOg4KiurYubMtyOXi/jhD9+IiIjvfe/khKei0LlTAwBAm9gZNFu3NkZERENDY+zY0RQzZ76d8GQUOndqAABodZWVVTFjxqJoaGja7XhjYy5mzFgUERFXXjkiidFoB9ypAQCgVe0raHZqaGiKGTPejsrKqjaejPZC1AAA0GqqqjbEtGlV+wyanRoaGmPatKpdu6LBwRA1AAC0mhEjyuKmm0ZHScn+33aWlHSKm24aHUcfXdZGk9Ge+EwNAACt6sILPxQREbfd9lo0NDTu8f2Skk4xZcpHd50HB8udGgAAWt2FF34oRo/uG5lMZrfjJSVFgoZDJmoAAGh106ZVxerVW+Oqq0ZEt25FERHRrVvnuPbakYKGQ2b5GQAArWrmzLfj0Uer48c/HhsDBnSNrl2L4vbbX4+rrz4mvvCFYUmPRzsgagAAaDU/+9k78Z//+c6uoImIuPTS4XHKKf1tCkDeiBoAAFrF7Nl/invueSt+9KOxUV7ebbfvCRrySdQAAJB38+cvjzvvfCOmTft4DB3aI+lxaOdsFAAAQF49++zK+F//69X4938/LY48sjTpcegA3KkBACBvFi5cE//yLy/HHXecaokZbUbUAACQF3/4Q21cf/3v4rbbTorjjuub9Dh0IJafAQBwyN58c31cd91/xbe/fXycckr/pMehgxE1AAAckqVLN8W1174YN900Ok4/vSLpceiARA0AAC22bNmWuPrq5+MrXzk2zjxzUNLj0EGJGgAAWiSbrY9Jk56Lf/iHI+P884ckPQ4dmKgBAOCgrVmzNf7pn56Liy76UFxyyRFJj0MHJ2oAADgoGzZsi6uvfiHOOmtwTJp0dNLjgKgBAKD5tmzZEZMnvxBjxgyIyZOPSXociAhRAwBAM9XXN8Y11zwfRx9dFv/8zyOTHgd2ETUAABzQtm1Ncd11L0ZFRff4xjeOi0wmk/RIsEvnpAcAACDdGhtz8bWvvRS9enWJW2/9WHTyf4uTMqIGAIB9amrKxb/8y+9j+/amuO22UwQNqSRqAADYq1wuF9/+9h9i5cr6uOuu06JLF0VDOokaAAD26vvffz2WLNkU06Z9PEpKBA3pJWoAANhDZWVV/P73tXHPPR+PHj28ZSTd/DcUAIDdzJjxdsyfvzx+9KOx0atXl6THgQMSNQAA7PKf//lO/Pzn/x0//vHY6NOnOOlxoFlEDQAAERExe/afYubMt+PHPx4bAwZ0TXocaDZRAwBAPPHE8vj3f38zpk8fG+Xl3ZIeBw6KqAEA6OCeeaYmvve91+Lf//20GDq0R9LjwEETNQAAHdhLL62Jb33rD/F//s+pceSRpUmPAy1iw3EAgA7q97+vja997aW4/fZT4iMf6ZP0ONBiogYAoAN64431ccMNv4t//dePxXHH9U16HDgkogYAoINZunRT/I//8UJ885vHx6mn9k96HDhkogYAoANZtmxLXH318/G1r300Tj+9POlxIC9EDQBAB5HN1seXv/xcXH31MfGZzxye9DiQN6IGAKADWLNma/zTPz0Xl156ZHzuc0OTHgfyStQAALQTb721Ya/H16/fFldd9Xycf/7Q+Lu/O6KNp4LWJ2oAANqBWbMWxyWXPBX33rtkt+NbtuyIyZNfiE9+sjy+/OWjE5oOWpeoAQAocJWVVXH33W9GLhdx111vRGVlVURE1Nc3xtVXPx8nnNAvrr12ZMJTQuvpnPQAAAC0XGVlVcyc+XZs3doYERFbtzbGzJlvx44dTfHaa+ti+PDSuO66YxOeElqXOzUAAAWqsrIqZsxYtCtodtq6tTF+/ONFUVvbEDfeeFxkMpmEJoS2IWoAAArQzqBpaGja6/ebmiKqq7fEPfe81caTQdsTNQAABaaqakNMm1a1z6DZqaGhMaZNq9rnrmjQXogaAIADSFMU7NiRi+LiTvH5z38oior2f25JSae46abRcfTRZW0zHCTERgEAAPsxa9biuP321+OrXx0VX/zisDa77pYtO2LRog2xdOmmWLJkUyxZsjGWLNkYW7bsiA9/uFcccUSvOP30QfHMMzWxffued2xKSjrFlCkfjQsv/FCbzQxJETUAAPuwc2exnVslb9myPa68ckRer7F2bUO8/fbGWLx4458D5r3/bGzMxZFHlsawYaVxxBG94lOfKo8jjugV/ft33e3P//zn/x233fZaNDT8ZbOAkpKimDJllKChwxA1AAB7sa+tkiOiRWGzZs3WWLJk0x7x0qVLpxg+/L14GTmyd5x11uF7jZd9ufDCD0Vd3Y64++43o76+Mbp16xzXXHOMoKFDETUAAB+wr53Ftm5tjBkzFkXEvsNm2bItsWTJpli6dNOff/9evJSWFsfhh3ffFS/jxg2JYcNKo7S0yyHP+8UvDo9cLuL221+Pq68+Jr7whbZbJgdpIGoAAN7nQFslNzQ0xYwZb8fGjdvilFMG7HbXZfnyuujVq0sccUSvGDasV4we3TcuvPBDMWRIj+jV69DjZX8uvXR4nHJKf5sC0CGJGgAgEW+9tSF1b8B3bpWcy+3/vIaGxrj//qXx2mvr4thj+8Rxx/WNCy74qxg2rDT69Clum2H3Im0/T2grogYA2pk0xsIHJbWj2N5s3doY1dVbYvnyuli2bEuceOJh8f/bu/fgqOq7j+OfA5tALgbJQmhCAoVwS6aUoCBBweFSGyjSBMEwpRRQxEdtaqVAqxHSEcxgrRdGtKN0WyEMbRzJ4Cg+1Q4PWDUwQggtRftELkO5pUVCAgEMJNnz/NEnC2EDbC6b357wfs3sH/w2k/2wuzmf/e7Zc7a09JS81/kKmPBwS7/4xTCOWwFCBEMNAAAdSCgNC9fSHmcUu1J9va3y8gs6fvyC7yD9Y8f+M8RUVNTI7e6q3r0jlZgYpcTEKM2c2V9pabFav/5gozOKNeBUyUDouSmGmrNnzyo3N1dFRUWqrKxUSkqKcnNzdf/995uOBgBAm2nvYaEl2vqMYg3OnavTkSPnfHtbGi7Hj19QVdVF9ekT7RtcGs4w1rt3pHr1ilBYmP93kd9zT4Li4yM5VTLgEB1+qLFtW1OnTlVpaany8/M1cOBArVu3TtnZ2SosLNTMmTNNRwQAoNWCNSy0pdacUczrlU6cON/k0HLs2HnZtpScfIuSk2OUmBil9PQ43xDT0rOLcapkwDk6/FCzadMmffzxx/J4PJo/f74kadKkSTp06JCWLFmi+++/X506+b9DAwCAU7RmWGgvgZ5R7KuvapSeHuc3uHz1VY169mz8MbHvfrd7qweXG+FUyYAz3BRDTXh4uGbNmuVbsyxLc+bM0U9+8hOVlJTojjvuMJgQAICWC3RYkNpmsPn663rV1nrl9do6d67Wb+38+bpGa/X1Xh08WK3f/rbshr/74sV6FRUdVlnZGQ0adHmPS2JipJKSohUdbeZlC6dKBkJfhx9q9u3bp+TkZEVERDRaHzp0qO96hhoAgBM15/TDr7/+v9q//6xuvTVcFy7Uqa7OK69XjQaTujqv6usvDyYNP3flWkREZ4WFdVKnTpaio8MarVmW/NYafu6229z6298qVO9/3L1PKJ9RjIEGCG0dfqipqKhQnz59/NZjY2N91wMA4ERDhnTT0qVpev75vdfcUyNJnTtL48cnaPToOElSRITr/weOK4cQl1wuS507W4qKcjX6uSvXWqOo6LDfgfcNOKMYgNbo8ENNS1iWFdDPpaWlBTkJAACBuF3SZDVd67Wqr/9AW7bs1pYt7RyrSU1lrdPFi3/SihV5WrHCUCwA7e7Z5c+22e/q8EON2+3W6dOn/dYb1txut9919g324xesK9DceXPb9IEIlqV5Sx2RU3JOVqfklMgaDE7JKTknq1NySqGddVeJV//9J1u1tZc7LCzM0vcmd9HIEdMkTTMX7irF2736n61eXbokSbX63qSuuvPO0Mp4tVB+7K9G1rbnlJySc7IuzVuqpD5Jbfb7LEn2jV7EO9mcOXNUWFioqqoqRUZG+tZXr16txx9/XJ999lmLjqmxLOuGw08ocEpOyTlZnZJTImswOCWn5JysTskphX7Wl17aoby8bTp/vlZRUeFasWK8Fi5MNx2rSS++uENLlvxZtv1n2Xax6Tg3FOqP/ZXI2vacklNyTta2zGlZljr8uYynTZum2tpabdiwwbfm9XpVUFCgpKQkjRgxwmA6AADazs9+NlrPPDNekq3ly0N3oJGkRYtGq7T0vyRtNx0FQAfQ4ffU2LatcePGaffu3Vq+fLkGDhyogoICbdy4sVVfvnkzTsHB5pSsTskpkTUYnJJTck5Wp+SUnJPVsuJl2+WmYwTEOfepM3JKZA0Gp+SUnJO1rffUdPihRpLOnDmj3NxcFRUVqaqqSkOGDFFubq6ys7Nb/DtvxidMsDklq1NySmQNBqfklJyT1Sk5JedkdUpOyTlZnZJTImswOCWn5JysDDUh4mZ8wgSbU7I6JadE1mBwSk7JOVmdklNyTlan5JSck9UpOSWyBoNTckrOycoxNQAAAABwBYYaAAAAAI7GUAMAAADA0TimBgAAAIBjcUwNAAAAAMdjqAEAAADgaAw1AAAAAByNoQYAAACAozHUAAAAAG67iu8AAA49SURBVHA0hhoAAAAAjsZQ0wxnz55VTk6O4uPj1bVrVw0fPlxvv/226ViNVFRUaNGiRRo3bpxiYmJkWZbWrl1rOlaTPvnkEz3yyCNKTU1VVFSUEhMTlZmZqd27d5uO1siePXs0bdo09evXT5GRkXK73Ro9erQKCgpMR7uh5557TpZlqUePHqajNFJSUiLLspq8fPTRR6bjNWn79u2aMmWKYmNjFRERoZSUFOXn55uO5TN79uxr3qeWZamsrMx0xEZKSkqUmZmphIQERUZGavDgwVq2bJmqq6tNR/Pz17/+VVOmTFFMTIyioqI0duxYbd261Vie5mznTfZWc3Ka7q5Abz8UeivQrKa7qzWPaXt3V6BZTXdXS+5TU90VaNa27C5XG+bv0Gzb1tSpU1VaWqr8/HwNHDhQ69atU3Z2tgoLCzVz5kzTESVJ5eXlWrt2rW677TZlZGRo48aNpiNd069+9Sv985//1IwZMzR48GD961//0urVq5Wenq4PPvhAEydONB1RknTkyBFJ0qOPPqqEhARVV1ersLBQc+fO1YEDB7R8+XLDCZtWVlamZ555RvHx8bp06ZLpOE36+c9/ruHDhzdaS01NNZTm2t566y398Ic/1KhRo7RixQp169ZNhw4d0smTJ01H88nJydG9997rt/7www8rPj5egwcPNpCqaXv37tVdd92lvn37Kj8/X7169dKnn36qlStXqri42OjAcLW///3vGjNmjBISErR69WpFRkbqtddeU0ZGhj788ENNmDCh3TMFup033VvN6SPT3RXo7YdCbwWa1XR3tfQxNdFdzc1qqruam9NkdwWata27y8aNFRUV2ZJsj8fjW/N6vfbIkSPtpKQku76+3mC6y67MsW3bNluS/eabb5oLdB379+/3Wzt69KgdERFh33PPPQYSBa6urs5OTU21e/bsaTpKk+rr6+277rrLfvDBB+0pU6bYbrfbdKRGdu3aZUuy33vvPdNRbqi8vNyOjo62MzMzQ+bvPFAN24DnnnvOdJRGcnNzbUl2aWlpo/UFCxbYkuwjR44YSuZv+vTpdnh4uH348GHfWk1Njf3Nb37T/va3v20kU6DbedO91Zw+Mt1dgd5+KPRWa+6r9uyuluQ01V2BZjXdXc25T013V2uepy3pLkk2Hz8L0KZNmxQeHq5Zs2b51izL0pw5c3T06FGVlJQYTHdZp07OeUgHDBjgt5aYmKgBAwbo+PHjBhIFrnPnzkpISJDLFZo7O1999VUdOHBAL7zwgukoN1RdXa3a2lrTMa5p7dq1OnfunFauXKlOnTrJ6/WajhQwj8cjl8ulefPmmY7SSNeuXSVJ3bt3b7QeGxsrSYqIiGj3TNdSXFystLQ09e3b17fWpUsXTZ48WXv37tWBAwfaPVOg23nTvdWcPjLdXYHefij0Vmvuq/bsrpbkNNVdLclqoruak9N0d7XmedrS7nLOK2DD9u3bp+TkZL+yHTp0qO96tN7Jkyf15ZdfKi0tzXQUPxcvXtS5c+d09OhRvfzyy9q6dauefPJJ07H8HD58WLm5uXrllVf8XjSGmlmzZikmJkZdu3bVyJEj9e6775qO5Ofjjz/WN77xDf3jH/9QSkqKXC6XYmNjNX/+fJ0+fdp0vGuqqqpSUVGR7r33XvXq1ct0nEYeeOABxcXFKScnR2VlZaqsrNT777+vNWvWaMGCBSF1DFhtba1vCLtSw9revXvbO1LA6K32Ecq9JdFdwUB3BU9ruis032YOQRUVFerTp4/fesM7ixUVFe0dqcPxer166KGHZFmWnn76adNx/MyfP18bNmyQJIWFhemll17S448/bjiVvwULFmjChAnKzs42HeWaIiMjNXfuXI0fP15ut1sHDx7UqlWrlJmZqQ0bNjR6Z9m0EydOqLq6WnPnztXTTz+tESNGaNeuXVq+fLn27NmjnTt3huQeuw0bNqimpkYPPfSQ6Sh+EhMT9cknnygrK0tDhgzxrf/4xz/WK6+8YjCZv9TUVO3du1fnzp1TdHS0b724uFhSaG/76a3gC/XekuiutkR3BV9ruiv0/je4aeXk5Oj999/X+vXrQ/Jg8by8PD3yyCM6efKkNm3apCeeeEJff/11SL3j5fF49Nlnn+mLL74wHeW6UlNT/c6C8qMf/UhDhw7Vk08+GVLF4PV6df78eb388st64oknJEnf+c53FBYWpiVLlmjz5s3KysoynNLf7373O/Xu3VuTJk0yHcXP/v37NXHiRPXo0UN/+MMfFBcXpx07dmjlypWqrq7WunXrTEf0+elPf6oZM2Zozpw5euGFFxQZGalVq1b5znZl+mNTMCvUe0uiu9oS3RV8rekutsYBcrvdTe6ua1hzu93tHanDsG1bOTk5ev311+XxeEJqo3ClQYMGacyYMbrvvvu0fv16zZ49W0uXLlV5ebnpaJKkU6dOafHixXrqqacUHR2tqqoqVVVVqa6uTrZtq6qqShcuXDAd85piY2OVlZWlo0ePhsx9Kl3+2756A9vw79LS0nbPdCO7d+/Wnj17NG/ePHXu3Nl0HD9PPfWUKisrtWXLFv3gBz/QxIkTtXTpUuXn56ugoEDbtm0zHdFn+vTpeu211/TRRx8pOTlZ8fHxKioq0qJFiyRJvXv3Npzw2uit4HFKb0l0V7DRXW2ntd3FUBOgoUOH6sCBA35/WA2fp/7Wt75lIpbj2batRx99VL/5zW/k8Xj0wAMPmI4UsDvuuEP19fU6dOiQ6SiSpGPHjunMmTPKzc1V9+7dfZcPP/xQp0+fVvfu3fXggw+ajnldDQddhtIL8WHDhkmS30GW9fX1kkLznXqPxyPLskL28d63b5/69evn96J65MiRkqTPP//cRKxreuyxx3Ty5El98cUXKisr05dffqlLly4pPDxco0aNMh3vmuit4HByb0l0VzDQXW2jtd0Vev+jEDVt2jTV1tb6Ppcq/eeJUlBQoKSkJI0YMcJgOmeybVsPP/yw1qxZI4/HE7IbrYYNwJW8Xq82b94sy7LUv39/A6n8DRgwQNu2bfO7pKenKyYmRtu2bVNeXp7pmJLU5BljysvL9c477yg5OVlxcXEGUjVt+vTpkqT33nuv0frmzZslSenp6e2e6XouXLigP/7xjxo/fnzIPDevlpiY2OR3JXz66aeSpKSkJBOxrsvlciklJUWDBg3S/v379cYbb2j27NkhfUAzvdX2nNJbEt0VDHRX8LRFd3FMTYCysrJ09913a+HChaqurtbAgQNVUFCgkpISFRYWhtTE++677+rSpUu+dztLSkp8B7hmZmYqLCzMZDyfRYsWyePxKDMzUzExMY2+mCk8PFzf//73Daa77L777lNMTIzS0tLUs2dP/fvf/9bGjRu1c+dOLVy4UPHx8aYjSpKio6M1btw4v3W3262wsLAmrzMlOztbERERuv322+V2u3Xo0CG98cYbqqiokMfjMR2vkbFjx2rGjBnKy8tTdXW1Ro4cqV27dun555/X+PHjlZGRYTpiI2+//bbOnDkTkicIaLBw4UJt3bpVEyZM0MKFC9WzZ09t375dq1atUmpqqiZPnmw6os/Bgwf1y1/+UqNGjVJUVJQ+//xzrVmzRv369dOvf/1rY7kC2c6HQm81p49Md1cgtx8qvRVI1lDorkByhkp3BZI1FLor0L+TUOiu5vxNt1V3BfzFNje7qqoq+7HHHrN79epld+nSxR42bJj91ltvmY7lp1u3brakJi+VlZWm4/mMGjXqmjm7detmOp7P73//e3vcuHF2XFyc7XK57FtvvdW+++677XXr1tler9d0vBsKxS/ffPXVV+309HTb7XbbLpfL7tGjhz116lS7uLjYdLQm1dTU2MuWLbP79u1rh4WF2YmJifbixYvt8+fPm47mZ+zYsXZsbKxdU1NjOsp1/eUvf7EzMjLs+Ph4OyIiwh40aJC9aNEi+9SpU6ajNVJeXm5nZGTYPXr0sMPCwux+/frZixcvNr4tDXQ7b7q3mtNHprsrkNsPld4KJGsodFdrHtP27q5AsoZCdzXnPjXdXc3J2trukmRb/z/UtHQgAgAAAABjLMvimBoAAAAAzsZQAwAAAMDRGGoAAAAAOBpDDQAAAABHY6gBAAAA4GgMNQAAAAAcjaEGAAAAgKMx1AAAAABwNIYaAAAAAI7GUAMAAADA0RhqAAAAADgaQw0AAAAAR2OoAQAAAOBoDDUAAAAAHI2hBgAAAICjMdQAAAAAcDSGGgAAAACOxlADAAAAwNEYagAAAAA4GkMNAAAAAEdjqAEAAADgaAw1AABHO3bsmCzL0pgxY3Tx4kXl5eWpf//+6tKli/r3769nn31WXq/XdEwAQBC5TAcAAKAt1NXVacqUKdqxY4fS0tKUmJionTt3atmyZaqsrNSLL75oOiIAIEgsSbZt26ZzAADQIseOHVNSUpIkafjw4XrnnXfUp08fSVJJSYnuvPNOWZalEydOyO12m4wKAAgCy7L4+BkAoGOwLEtvvvmmb6CRpBEjRigrK0uXLl3Sjh07DKYDAAQTQw0AoEPo3bu3hg0b5reekpIiSSovL2/vSACAdsJQAwDoEBo+gna1W265RZJ08eLF9owDAGhHDDUAgA6hUycqDQBuVjQAAAAAAEdjqAEAAADgaAw1AAAAAByNoQYAAACAozHUAAAAAHA0S5Jt27bpHAAAAADQbJZlsacGAAAAgLMx1AAAAABwNIYaAAAAAI7GUAMAAADA0RhqAAAAADgaQw0AAAAAR2OoAQAAAOBoDDUAAAAAHI2hBgAAAICjMdQAAAAAcDSGGgAAAACOxlADAAAAwNEYagAAAAA4GkMNAAAAAEdzuVyuasuybjEdBAAAAACay+VyVf8f11APOIwmC4sAAAAASUVORK5CYII=\" width=\"395\" /></p>\r\n\r\n<p>C&#39;est plut&ocirc;t parlant.</p>\r\n\r\n<p>&nbsp;</p>\r\n','2016-03-26 17:56:33','score-foot',1,'<p>&Agrave; la ligue 1, gagner un match de foot remporte 3 points, faire un match nul rapporte 1 point, et perdre en rapporte 0.<br />\r\nConnaissant le nombre de matchs qu&#39;il nous reste &agrave; faire, ainsi que le nombre de points qu&#39;on souhaite avoir en fin de saison, quelles sont les diff&eacute;rentes mani&egrave;res d&#39;atteindre ce score, c&agrave;d combien doit-on faire de victoires, de match nul ou de d&eacute;faite ?</p>\r\n',''),(20,'Le trajet le plus rentable',2,'<p>C&#39;est un d&eacute;fi que j&#39;ai trouv&eacute; sur <a href=\"http://www.codingame.com\">www.codingame.com.</a></p>\r\n\r\n<p>On dispose d&#39;un robot et d&#39;un b&acirc;timent poss&eacute;dant plusieurs salles. Chacune poss&egrave;de un num&eacute;ro, une somme d&#39;argent, et deux portes menant chacune soit vers une autre salle, soit vers la sortie. On ne peut passer les portes que dans un seul sens, et la structure du batiment fait qu&#39;il est impossible au robot de passer deux fois par la m&ecirc;me salle (absence de cycle). Quel est la somme maximale d&#39;argent que peut r&eacute;colter le robot ?</p>\r\n\r\n<p>On peut mod&eacute;liser cette suite de salles par un graphe orient&eacute; acyclique.</p>\r\n\r\n<div style=\"text-align:center\">\r\n<figure class=\"image\" style=\"display:inline-block\"><img alt=\"\" height=\"329\" src=\"/media/uploads/adminVulgaireDev/2016/05/14/machine_fric.png\" width=\"247\" />\r\n<figcaption>Mod&eacute;lisation du probl&egrave;me (E pour Exit), sans avoir not&eacute; les sommes d&#39;argent</figcaption>\r\n</figure>\r\n</div>\r\n\r\n<p>&nbsp;</p>\r\n\r\n<p>On peut tenter une premi&egrave;re approche qui fait un parcours en profondeur (DFS), et qui trouve le chemin maximisant l&#39;argent ramass&eacute;, mais pour le passage &agrave; l&#39;&eacute;chelle on risque d&#39;avoir des probl&egrave;mes de performances.</p>\r\n\r\n<p>On voit aussi qu&#39;on a un DAG, donc on pourrait le trier par ordre topologique, puis prendre les sommets dans l&#39;ordre, et mettre &agrave; jour la longueur max de chaque sommet en prenant le max des liens arrivant vers ce sommet + la valeur du noeud courant. En &eacute;crivant ces lignes, je me dis que ce serait une approche int&eacute;ressante &agrave; tester, peut-&ecirc;tre plus concise que la mienne.</p>\r\n\r\n<p>J&#39;ai eu une approche un peu diff&eacute;rente, j&#39;ai plut&ocirc;t pens&eacute; programmation dynamique. En fait j&#39;ai trouv&eacute; que ce probl&egrave;me ressemblait beaucoup &agrave; la <a href=\"https://fr.wikipedia.org/wiki/Programmation_dynamique\">pyramide de nombre</a> (voire premier exemple sur le lien Wikip&eacute;dia).</p>\r\n\r\n<p>L&#39;id&eacute;e est donc de retourner notre graphe orient&eacute;, et de r&eacute;soudre le probl&egrave;me de mani&egrave;re &quot;bottom-up&quot;, avec l&#39;id&eacute;e suivante : &quot;le score d&#39;un noeud correspond au max des ses fils (dans le graph non retourn&eacute;) + son score&quot;. Ainsi, en partant de tous les &quot;E&quot; sur le sch&eacute;ma, on propage l&#39;information vers le haut (gr&acirc;ce &agrave; un BFS par exemple), et on arrive finalement avec le score maximal pour le noeud 0.</p>\r\n\r\n<p>NB : Dans l&#39;algo qui suit, on laisse la possibilit&eacute; de repasser par des points o&ugrave; on est d&eacute;j&agrave; pass&eacute;. En effet dans le cas contraire, si on regardait le noeud 1, l&#39;algo risquerait de mettre &agrave; jour sa valeur en prenant celle du E et celle du 6, mais cette derni&egrave;re n&#39;est pas encore d&eacute;finitive, puisque l&#39;algo ne serait peut-&ecirc;tre pas pass&eacute; par le 6 ! On laisse donc la possibilit&eacute; de mettre &agrave; jour les valeurs des noeuds.</p>\r\n\r\n<p>Voici le code :</p>\r\n\r\n<pre>\r\n<code class=\"language-python\">import sys\r\nimport math\r\nfrom copy import deepcopy\r\n\r\nn = int(input())\r\nrooms = []\r\nadja = {}\r\nreverse_adja = {}\r\nmoney_room = {\'E\':0}\r\n\r\nfor i in range(n):\r\n    room = [i for i in input().split()]\r\n        \r\n    rooms.append(room)\r\n    \r\n    #we keep the money corresponding to a room\r\n    money_room[room[0]] = int(room[1])\r\n    \r\n    #we build the adja list and reverse_adja\r\n    adja[room[0]] = [room[2], room[3]]\r\n    \r\n    if room[2] in reverse_adja:\r\n        reverse_adja[room[2]].add(room[0])\r\n    else:\r\n        reverse_adja[room[2]] = {room[0]}\r\n    if room[3] in reverse_adja:\r\n        reverse_adja[room[3]].add(room[0])\r\n    else:\r\n        reverse_adja[room[3]] = {room[0]}\r\n\r\n\r\n#we try with a bfs-dp\r\nnext_nodes = [\'E\']\r\nscore_max_nodes = deepcopy(money_room)\r\n\r\nwhile(len(next_nodes) != 0):\r\n    current_node = next_nodes.pop(0)\r\n    if current_node != \'0\':\r\n        try:\r\n            for node in reverse_adja[current_node]:\r\n                #we append the ascending nodes, \r\n                if not ( node in next_nodes) :\r\n                    next_nodes.append(node)\r\n        except KeyError:\r\n            pass\r\n        \r\n    if current_node != \'E\':\r\n        score_max_nodes[current_node] = max([score_max_nodes[i]+money_room[current_node] for i in adja[current_node]])\r\n\r\nprint(score_max_nodes[\'0\'])\r\n</code></pre>\r\n\r\n<p>La propri&eacute;t&eacute; sur laquelle est bas&eacute;e l&#39;algo correpond &agrave; la derni&egrave;re ligne avant le print().</p>\r\n','2016-03-28 17:26:02','trajet-plus-rentable',1,'<p>C&#39;est un d&eacute;fi que j&#39;ai trouv&eacute; sur <a href=\"http://www.codingame.com\">www.codingame.com.</a></p>\r\n\r\n<p>On dispose d&#39;un robot et d&#39;un batiment poss&eacute;dant plusieurs salles. Chacune poss&egrave;de un num&eacute;ro, une somme d&#39;argent, et deux portes menant chacune soit vers une autre salle, soit vers la sortie. On ne peut passer les portes que dans un seul sens, et la structure du batiment fait qu&#39;il est impossible au robot de passer deux fois par la m&ecirc;me salle (absence de cycle). Quel est la somme maximale d&#39;argent que peut r&eacute;colter le robot ?</p>\r\n',''),(21,'Enigme: La bouteille empoisonnée',2,'<p>&nbsp;&nbsp;&nbsp; Vous &ecirc;tes roi, et pr&eacute;parez votre mariage qui a lieu demain. Vous disposez d&#39;autant de serviteurs que vous le d&eacute;sirez, et poss&eacute;dez 1000 bouteilles de vin pour le festin. On vous apprend qu&#39;une des bouteilles parmis les 1000 est empoisonn&eacute;e, et provoque la mort en moins de 24h, et ce quelle que soit la quantit&eacute; absorb&eacute;e. Quel est le nombre minimal de serviteurs que vous devez mobiliser afin de pouvoir isoler de mani&egrave;re certaine la bouteille empoison&eacute;e ? (on ne cherche pas &agrave; minimiser le nombre de morts mais bien le nombre de serviteurs mobilis&eacute;s)</p>\r\n\r\n<p>&nbsp;</p>\r\n\r\n<p>La premi&egrave;re approche qui semble &eacute;vidente est de prendre un serviteur pour chaque bouteille, et ainsi de voir qui meurt, pour trouver le poison. Ceci nous ferait 1000 serviteurs utilis&eacute;s, on peut mieux faire.</p>\r\n\r\n<p>Sans contrainte de temps, on aurait pu ensuite penser &agrave; une dichotomie : puisque le vin empoisonn&eacute; est mortel m&ecirc;me &agrave; petite dose, on pourrait faire des m&eacute;langes de vin. On s&eacute;pare nos 1000 bouteilles en deux groupes, ce qui nous fait deux m&eacute;langes, qu&#39;on fait gouter &agrave; deux serviteurs. On recoupe ensuite en deux le groupe du serviteur mort, etc, jusqu&#39;&agrave; isoler le poison. A chaque &eacute;tape on r&eacute;utilise le serviteur qui n&#39;est pas mort &agrave; l&#39;&eacute;tape pr&eacute;c&eacute;dente (&ccedil;a fait vraiment tyran, mais c&#39;est l&#39;&eacute;nonce qui est comme &ccedil;a, je d&eacute;l&egrave;gue toute responsabilit&eacute; &agrave; l&#39;auteur original). Ainsi, le nombre de serviteurs mobilis&eacute;s serait &eacute;gal au nombre de divisions de l&#39;espace qu&#39;on a du faire. Notons k ce nombre. On a du couper k-fois notre espace en deux afin d&#39;arriver &agrave; 1.</p>\r\n\r\n<p><span class=\"math-tex\">\\(\\frac{1000}{2^k} = 1\\)</span></p>\r\n\r\n<p><span class=\"math-tex\">\\(2^k = 1000 \\)</span></p>\r\n\r\n<p><span class=\"math-tex\">\\(e^{kln(2)} = 1000\\)</span></p>\r\n\r\n<p><span class=\"math-tex\">\\(k = \\frac{ln(1000)}{ln(2)}\\)</span></p>\r\n\r\n<p>On arrondit k &agrave; l&#39;entier sup&eacute;rieur (on doit faire toutes les divisions de l&#39;espace n&eacute;cessaires, pas moins), ce qui nous fait 10.</p>\r\n\r\n<p>Mais cette approche ne fonctionne que sans contrainte de temps, donc n&#39;est pas viable ici.</p>\r\n\r\n<p>On pourrait ensuite penser diff&eacute;rement en se disant que un esclave peut gouter plusieurs bouteilles (ce qui est &eacute;quivalent &agrave; la technique du m&eacute;lange). Imaginons que nous repartitions les bouteilles dans une salle de sorte &agrave; ce qu&#39;elles forment un carr&eacute; (plus une rang&eacute;e non compl&egrave;te car on ne peut pas faire un carr&eacute; avec 1000 bouteilles). On associe &agrave; chaque rang&eacute;e (colonnes et lignes) un serviteur. Celui-ci boit toute sa rang&eacute;e. Ainsi, l&#39;intersection des rang&eacute;es des deux serviteurs morts nous donne la bouteille empoison&eacute;e.&nbsp; Ici on trouve sqrt(1000) = 31,6..., on fait prend donc un rectangle de 31*32 = 992, et on rajoute une rang&eacute;e incompl&egrave;te de 8, ce qui nous fait 64 serviteurs utilis&eacute;s. C&#39;est pas mal. Mais on peut encore faire mieux.</p>\r\n\r\n<div style=\"text-align:center\">\r\n<figure class=\"image\" style=\"display:inline-block\"><img alt=\"\" height=\"300\" src=\"/media/uploads/adminVulgaireDev/2016/05/14/bouteille_poison.png\" width=\"500\" />\r\n<figcaption>Les points rouges sont des serviteurs, les carr&eacute;s noirs des bouteilles</figcaption>\r\n</figure>\r\n</div>\r\n\r\n<div style=\"text-align:center\">\r\n<figure class=\"image\" style=\"display:inline-block\"><img alt=\"\" height=\"300\" src=\"/media/uploads/adminVulgaireDev/2016/05/14/bouteille_poison_trouve.png\" width=\"500\" />\r\n<figcaption>Le vert repr&eacute;sente le poison. On trouve la bouteille empoison&eacute;e.</figcaption>\r\n</figure>\r\n</div>\r\n\r\n<p>&nbsp;</p>\r\n\r\n<p>En fait le fait qu&#39;un serviteur meurt ou non nous donne de l&#39;information. Ce qu&#39;on doit trouver, c&#39;est comment cette information peut nous permettre d&#39;identifier la bouteille empoison&eacute;e. Qu&#39;&agrave; cela ne tienne, nous allons identifier chaque bouteille par un nombre binaire unique, et chaque serviteur par un numero (non binaire celui-ci).</p>\r\n\r\n<p>Ce nombre binaire comportera autant de bits que de serviteurs, et la position d&#39;un bit dans le mot correspondra &agrave; un num&eacute;ro de serviteur. Si ce bit est &agrave; 1, alors cela signifie que ce serviteur aura bu dans cette bouteille.</p>\r\n\r\n<p>Par exemple la bouteille 3 sera cod&eacute;e 0110 (si on code sur 4 bits, c&#39;est &agrave; dire 4 serviteurs), ce qui signifie que les serviteurs 2 et 3 auront bu dedans.</p>\r\n\r\n<p><strong>Une fois que tout le monde a bu</strong>, on regarde les num&eacute;ros des d&eacute;c&eacute;d&eacute;s : tous on leur bit &agrave; 1 dans la bouteille empoison&eacute;e, leur mort nous apporte l&#39;information n&eacute;cessaire.</p>\r\n\r\n<p>Si par exemple on avait le serviteur 1 et le 3 de mort, alors la bouteille correspondante serait (0101), c&#39;est &agrave; dire la num&eacute;ro 5 !</p>\r\n\r\n<p>Combien de serviteurs cette technique demande-t-elle? Il en faut assez pour encoder de mani&egrave;re unique chaque bouteille, donc il faut : <span class=\"math-tex\">\\(2^k \\ge 1000\\)</span>, ce qui nous donne k = 10 serviteurs (m&ecirc;me d&eacute;mo que pr&eacute;c&eacute;demment).</p>\r\n','2016-04-17 22:12:29','bouteille-empoisonnee',1,'<p>Vous &ecirc;tes roi, et pr&eacute;parez votre mariage qui a lieu demain. Vous disposez d&#39;autant de serviteurs que vous le d&eacute;sirez, et poss&eacute;dez 1000 bouteilles de vin pour le festin de demain. On vous apprend qu&#39;une des bouteilles parmis les 1000 est empoisonn&eacute;e, et provoque la mort en moins de 24h, et ce quelle que soit la quantit&eacute; absorb&eacute;e. Quel est le nombre minimal de serviteurs que vous devez mobiliser afin de pouvoir isoler de mani&egrave;re certaine la bouteille empoison&eacute;e ?</p>\r\n',''),(22,'Enigme: La ronde des chapeaux',5,'<p>Je vous propose la petite &eacute;nigme suivante :</p>\r\n\r\n<p>&nbsp;</p>\r\n\r\n<hr />\r\n<p>Dans une salle sans miroir se trouvent N personnes. Chacune de ces personnes porte sur la t&ecirc;te un chapeau color&eacute; et peut voir la couleur des chapeaux des autres personnes. Par contre, une personne ne peut pas connaitre la couleur de son chapeau.</p>\r\n\r\n<p>On sait qu&#39;il existe N couleurs de chapeau diff&eacute;rentes. Attention, plusieurs personnes peuvent avoir un chapeau de m&ecirc;me couleur sur la t&ecirc;te! Ainsi, une couleur de chapeau qui existe peut ne pas &ecirc;tre port&eacute;e. (Il n&#39;y a pas de bijection entre les couleurs et les personnes).</p>\r\n\r\n<p>Au bout d&#39;un certain temps, les N personnes vont annoncer simultan&eacute;ment une couleur. Quelle strat&eacute;gie doivent-elles mettre en place pour qu&#39;au moins l&#39;une d&#39;entre elle annonce la couleur de son chapeau?</p>\r\n\r\n<hr />\r\n<p>&nbsp;</p>\r\n\r\n<p>La solution est la suivante : (N&#39;oubliez pas de chercher par vous m&ecirc;me auparavant !)</p>\r\n\r\n<p>&nbsp;</p>\r\n\r\n<p>Afin de simplifier l&#39;&eacute;nigme, on peut consid&eacute;rer un probl&egrave;me &eacute;quivalent dans lequel les chapeaux ne sont pas color&eacute;s, mais num&eacute;rot&eacute;s de 0 &agrave; N-1 (un num&eacute;ro par couleur). Ainsi, chaque personne porte sur sa t&ecirc;te un num&eacute;ro qu&#39;il va devoir deviner.</p>\r\n\r\n<p>Remarquons que la somme des num&eacute;ros des chapeaux modulo N donne un nombre inclus dans l&#39;intervalle [0 ; N-1]. Nous avons &agrave; disposition autant de personnes que de sommes (modulo N) possibles. On d&eacute;cide alors d&#39;associer &agrave; chaque personne une somme possible. Par exemple, la personne k sera associ&eacute;e &agrave; la somme possible k. Je propose d&#39;appeler S la somme r&eacute;elle des chapeaux (modulo N).</p>\r\n\r\n<p>Une fois ceci pos&eacute;, la strat&eacute;gie &agrave; mettre en place est la suivante : chaque personne doit calculer la somme des chapeaux visibles (modulo N). Cette somme interm&eacute;diaire S<sub>i</sub> est &eacute;gale &agrave;</p>\r\n\r\n<p><span class=\"math-tex\">\\(Si = S - (chapeau\\:de\\:k)     \\mod N\\)</span></p>\r\n\r\n<p>Dans cette &eacute;quation, la personne connait S<sub>i</sub>, mais pas S ni la valeur de son propre chapeau. Cependant, nous avons associ&eacute; chaque personne &agrave; une somme possible k. On va donc demander &agrave; chaque personne de supposer que S = k. L&#39;&eacute;quation ci dessus devient :</p>\r\n\r\n<p><span class=\"math-tex\">\\(Si = k - (chapeau\\:de\\:k)     \\mod N\\)</span></p>\r\n\r\n<p>Par cons&eacute;quent, chaque personne peut calculer une valeur pour chapeau de k. Cette valeur sera la v&eacute;ritable valeur du chapeau de k, &agrave; l&#39;unique condition que :</p>\r\n\r\n<p><span class=\"math-tex\">\\(S = k\\)</span></p>\r\n\r\n<p>Or cette condition est vraie pour exactement une personne dans la salle ! En effet, il y a N personnes, et chacune poss&egrave;de une somme possible k diff&eacute;rente, on tombera donc forc&eacute;ment sur quelqu&#39;un qui aura S=k.</p>\r\n\r\n<p>&nbsp;</p>\r\n\r\n<p>En r&eacute;sum&eacute; : chaque personne re&ccedil;oit un nombre k, calcule S<sub>i</sub> &eacute;gal &agrave; la somme des chapeaux visibles, puis annonce k - S<sub>i</sub> (modulo N).</p>\r\n\r\n<p><em>NB : comme nous sommes dans le cas d&#39;un modulo, il peut s&#39;av&eacute;rer possible que :</em></p>\r\n\r\n<p><em><span class=\"math-tex\">\\(Si \\gt k\\)</span></em></p>\r\n\r\n<p><em>Dans ce cas l&agrave;, il ne faut pas annoncer k - S<sub>i</sub>, puisqu&#39;on aurait un r&eacute;sultat n&eacute;gatif. Il faut annoncer k + N - S<sub>i</sub>.</em></p>\r\n\r\n<p>&nbsp;</p>\r\n\r\n<p>Pour que ce soit bien clair, voici un exemple :</p>\r\n\r\n<p>Prenons le cas o&ugrave; il y a 4 personnes. Elles portent des chapeaux num&eacute;rot&eacute;s. Voici la distribution des chapeaux :</p>\r\n\r\n<table align=\"center\" border=\"1\" cellpadding=\"1\" cellspacing=\"1\" style=\"width:500px\">\r\n	<tbody>\r\n		<tr>\r\n			<td>Personne (k)</td>\r\n			<td>Chapeaux</td>\r\n		</tr>\r\n		<tr>\r\n			<td>0</td>\r\n			<td>3</td>\r\n		</tr>\r\n		<tr>\r\n			<td>1</td>\r\n			<td>2</td>\r\n		</tr>\r\n		<tr>\r\n			<td>2</td>\r\n			<td>3</td>\r\n		</tr>\r\n		<tr>\r\n			<td>3</td>\r\n			<td>1</td>\r\n		</tr>\r\n	</tbody>\r\n</table>\r\n\r\n<p>&nbsp;</p>\r\n\r\n<p>La personne 0 va supposer que la somme des chapeaux modulo 4 vaut 0. Elle calcule la somme des chapeaux visibles : 2+3+1 = 6.</p>\r\n\r\n<p><span class=\"math-tex\">\\(Si = 6 \\mod 4\\)</span></p>\r\n\r\n<p>Donc :</p>\r\n\r\n<p><span class=\"math-tex\">\\(Si = 2 \\mod 4\\)</span></p>\r\n\r\n<p>Elle doit donc annoncer k - S<sub>i</sub>, soit 0 - 2. On se trouve exactement dans le cas k &lt; S<sub>i</sub>. Donc au lieu d&#39;annoncer -2, elle annonce k - S<sub>i</sub> + N, soit 0 - 2 + 4, &agrave; savoir 2.</p>\r\n\r\n<p>&nbsp;</p>\r\n\r\n<p>Passons cette fois &agrave; la personne 1. La somme visible est 3+3+1 = 7.</p>\r\n\r\n<p>S<sub>i</sub> = 3 (mod 4)</p>\r\n\r\n<p>Elle annonce k - S<sub>i</sub> + N, soit 1 - 3 + 4 = 2.</p>\r\n\r\n<p>La personne 1 a vu juste !</p>\r\n\r\n<p>&nbsp;</p>\r\n\r\n<p>&nbsp;</p>\r\n','2016-05-08 13:36:19','Ronde-des-chapeaux',1,'<p>Je vous propose la petite &eacute;nigme suivante :</p>\r\n\r\n<p>Dans une salle sans miroir se trouvent N personnes. Chacune de ces personnes porte sur la t&ecirc;te un chapeau color&eacute; et peut voir la couleur des chapeaux des autres personnes. Par contre, une personne ne peut pas connaitre la couleur de son chapeau.</p>\r\n\r\n<p>On sait qu&#39;il existe N couleurs de chapeau diff&eacute;rentes. Attention, plusieurs personnes peuvent avoir un chapeau de m&ecirc;me couleur sur la t&ecirc;te! Ainsi, une couleur de chapeau qui existe peut ne pas &ecirc;tre port&eacute;e. (Il n&#39;y a pas de bijection entre les couleurs et les personnes).</p>\r\n\r\n<p>Au bout d&#39;un certain temps, les N personnes vont annoncer simultan&eacute;ment une couleur. Quelle strat&eacute;gie doivent-elles mettre en place pour qu&#39;au moins l&#39;une d&#39;entre elle annonce la couleur de son chapeau?</p>\r\n',''),(23,'Introduction à React JS et Semantic UI ',2,'<p>&nbsp;</p>\r\n\r\n<p>&nbsp;&nbsp;&nbsp; Ces temps-ci je travaille sur un projet de R&amp;D portant sur les donn&eacute;es li&eacute;es (une composante du projet <a href=\"http://www.occiware.org/bin/view/Main/\">Occiware</a>). Avant de proposer une application exploitant l&#39;API d&eacute;j&agrave; pr&eacute;sente afin d&#39;illustrer les possibilit&eacute;s des donn&eacute;es li&eacute;es (linked data), je saute dans le bain du Front-end, afin d&#39;am&eacute;liorer le &quot;playground&quot;, une appli qui est en fait un genre de tutoriel de l&#39;API des donn&eacute;es li&eacute;es. Bref, voici ce que j&#39;aurais aim&eacute; savoir avant de commencer.</p>\r\n\r\n<h2>Le Front, faut que &ccedil;a soit beau ! Semantic UI</h2>\r\n\r\n<p>Eh oui c&#39;est important d&#39;essayer d&#39;avoir un beau design, un truc un peu sexy qui soit clair et donne envie. Pour &ccedil;a, on peut faire du CSS natif, mais il faut avoir quand m&ecirc;me un minimum d&#39;exp&eacute;rience dans le domaine pour faire quelque chose de correct. On peut aussi se tourner vers des framework CSS, qui permettent d&#39;avoir facilement de beaux composants, et donne donc un look sympa. Le point un peu n&eacute;gatif des framework CSS (par exemple <a href=\"http://getbootstrap.com/\">Bootstrap</a>) c&#39;est qu&#39;ils peuvent avoir tendance &agrave; uniformiser le style.</p>\r\n\r\n<p>Bootstrap c&#39;est sympa, c&#39;est le plus connu (utilis&eacute; pour le site que vous avez sous les yeux actuellement d&#39;ailleurs). C&#39;est un bon choix, on peut faire un design responsive. Mais au bout d&#39;un moment avec Bootstrap, &ccedil;a pourrait &ecirc;tre bien de changer un peu, parce qu&#39;on a toujours le droit aux m&ecirc;mes widgets, ca serait bien d&#39;essayer autre chose. Et ce autre chose ce sera <a href=\"http://semantic-ui.com/\">Semantic UI</a> :</p>\r\n\r\n<p>- L&#39;esthetique des widgets est superbe (avis subjectif mais partag&eacute;, le projet a actuellement 25000 stars sur github).</p>\r\n\r\n<p>- OpenSource, avec une assez grosse communaut&eacute; active.</p>\r\n\r\n<p>- On compose les classes des composants de sorte &agrave; les identifier facilement (s&eacute;mantique) : &quot;ui hidden vertical menu&quot; donnera un menu vertical cach&eacute;.</p>\r\n\r\n<p>- La doc est assez fournie.</p>\r\n\r\n<p>- La quantit&eacute; de composants disponible est importante : grid, forms, transitions, menu etc.</p>\r\n\r\n<p>- On peut personnaliser sans forcement passer par le CSS !</p>\r\n\r\n<p>Ce dernier point est sympathique, ils ont mis en place un systeme de &quot;themes&quot; qui permet de remplacer les variables de Semantic UI par les notres.</p>\r\n\r\n<p>On pourra ainsi faire des trucs de ce style :</p>\r\n\r\n<pre>\r\n<code>/* Checkbox */\r\n@checkboxActiveBackground: @primaryColor;\r\n@checkboxActiveBorderColor: @primaryColor;\r\n@checkboxActiveCheckColor: @white;</code></pre>\r\n\r\n<p>On red&eacute;finit les couleurs des checkbox !</p>\r\n\r\n<p>Le rouge par d&eacute;faut n&#39;est pas &agrave; votre go&ucirc;t ?</p>\r\n\r\n<pre>\r\n<code>@red: #B31225;</code></pre>\r\n\r\n<p>et tous les &eacute;l&eacute;ments utilisant le rouge seront d&#39;un rouge plus fonc&eacute; ! On change ainsi tout le design.</p>\r\n\r\n<p>Un autre exemple, pour changer la police de caractere des headers:</p>\r\n\r\n<pre>\r\n<code>@headerFont : \'Lato\', \'Helvetica Neue\', Arial, Helvetica, sans-serif;</code></pre>\r\n\r\n<p>Pour plus de details sur les themes (et dans quel fichier mettre ces instructions) : <a href=\"http://semantic-ui.com/usage/theming.html\">http://semantic-ui.com/usage/theming.html</a></p>\r\n\r\n<p>En fait, Semantic UI utilise SASS (Syntactically Awesome Style Sheet), qui est un genre de wrapper du CSS, et permet notamment d&#39;y mettre des variables. Une fois qu&#39;on a modifi&eacute; nos variables, on passe par une phase de preprocessing, qui permet de g&eacute;n&eacute;rer le CSS avec les valeurs de nos variables. On peut aussi directement chopper le CSS et le JS de Semantic UI, l&#39;inclure dans le projet et <em>vamos</em> !</p>\r\n\r\n<p><strong>NB</strong>: Si vous voulez modifier les propri&eacute;t&eacute;s CSS de SUI (Semantic UI), il faudra mettre un !important &agrave; la fin. En effet, l&#39;auteur explique que cette pratique est l&agrave; pour pallier &agrave; un manque du CSS (<a href=\"https://github.com/Semantic-Org/Semantic-UI/issues/280\">ici</a>), qui est l&#39;absence de r&egrave;gles de priorit&eacute;s pour les r&egrave;gles CSS. Qu&#39;on ne vienne pas me dire que modifier le CSS comme &ccedil;a c&#39;est pas propre, que ca viole la philosophie du framework ou je ne sais quoi. Dans un monde parfait, avec des librairies/framework parfaits on pourrait coder parfaitement selon les bonnes pratiques (si tant est qu&#39;il y ait consensus), mais en pratique, il faut bien savoir composer avec ce qu&#39;on a !</p>\r\n\r\n<h3><strong>Notes sur les grilles</strong></h3>\r\n\r\n<p>&nbsp;&nbsp;&nbsp; Le systeme de grille est assez pratique, mais en exp&eacute;rimentant on se rend compte qu&#39;il y a quelques trucs &agrave; savoir.</p>\r\n\r\n<p>D&eacute;j&agrave; regarder la doc pour se faire une id&eacute;e : <a href=\"http://semantic-ui.com/collections/grid.html\">http://semantic-ui.com/collections/grid.html.</a> Mais en fait on en apprend plus sur les exemples (clic droit &gt; examiner l&#39;&eacute;l&eacute;ment) : <a href=\"http://semantic-ui.com/examples/responsive.html\">http://semantic-ui.com/examples/responsive.html</a></p>\r\n\r\n<p>Les grilles donc, sont par d&eacute;faut constitu&eacute;es de 16 colonnes, contrairement &agrave; Bootstrap o&ugrave; on en a 12. Il existe deux principales mani&egrave;re de repartir nos &eacute;lements.</p>\r\n\r\n<ul>\r\n	<li>Cr&eacute;er la grid, puis d&eacute;finir chaque composant comme &eacute;tant une colonne, chacun aura donc une part &eacute;gale de la taille totale disponible:</li>\r\n</ul>\r\n\r\n<pre>\r\n<code class=\"language-html\">&lt;div class=\"ui grid\"&gt;\r\n    &lt;div class=\"three column row\"&gt;\r\n      &lt;div class=\"column ui segment\"&gt; &lt;!-- ui segment permet de mettre en évidence la zone crée --&gt;\r\n      &lt;/div&gt;\r\n      &lt;div class=\"column ui segment\"&gt;\r\n      &lt;/div&gt;\r\n      &lt;div class=\"column ui segment\"&gt;\r\n      &lt;/div&gt;\r\n    &lt;/div&gt;\r\n&lt;/div&gt;</code></pre>\r\n\r\n<p>&nbsp;</p>\r\n\r\n<ul>\r\n	<li>D&eacute;finir une grid puis sp&eacute;cifier la taille de chacun des composants :</li>\r\n</ul>\r\n\r\n<pre>\r\n<code class=\"language-html\">&lt;div class=\"ui grid\"&gt;\r\n    &lt;div class=\"row\"&gt;\r\n      &lt;div class=\"three wide column ui segment\"&gt;\r\n      &lt;/div&gt;\r\n      &lt;div class=\"wide column ui segment\"&gt;\r\n      &lt;/div&gt;\r\n      &lt;div class=\"nine wide column ui segment\"&gt;\r\n      &lt;/div&gt;\r\n    &lt;/div&gt;\r\n&lt;/div&gt;</code></pre>\r\n\r\n<p>&nbsp;</p>\r\n\r\n<p><strong>NB</strong>: Ne pas oublier de mettre &quot;wide&quot; devant &quot;column !</p>\r\n\r\n<p><strong>NB important</strong>: L&#39;ordre des classes CSS a une importance ! (et je ne me souviens pas avoir vu &ccedil;a dans la doc...). Pour l&#39;instant, ceci &agrave; l&#39;air de fonctionner:</p>\r\n\r\n<p><strong>grid classes | ui classes | custom classes</strong></p>\r\n\r\n<p>et pour ces &quot;grid classes&quot;:</p>\r\n\r\n<p><strong>number | [wide] | column | row</strong></p>\r\n\r\n<p>On peut rajouter la classe &quot;stackable&quot;, pour que les &eacute;l&eacute;ments de la grille s&#39;empilent lorsqu&#39;on passe sur un smartphone.</p>\r\n\r\n<pre>\r\n<code class=\"language-html\">&lt;div class=\"ui stackable grid\"&gt;\r\n    &lt;div class=\"two column wide ui vertical compact menu mymenu\"&gt;\r\n        &lt;a class=\"item\"&gt;Playground User Manual&lt;/a&gt;\r\n        &lt;a class=\"item\"&gt;Explore models and projects&lt;/a&gt;\r\n        &lt;a class=\"item\"&gt;API details&lt;/a&gt;\r\n        &lt;a class=\"item\"&gt;FAQS&lt;/a&gt;\r\n        &lt;a class=\"item\"&gt;Server configuration&lt;/a&gt;\r\n    &lt;/div&gt;\r\n    &lt;div class=\"ten column wide ui segment\"&gt;\r\n    &lt;/div&gt;\r\n&lt;/div&gt;</code></pre>\r\n\r\n<p>Enfin, on peut bien sur faire des &quot;nested grid&quot;, c&agrave;d des grilles imbriqu&eacute;es dans des grid, ce qui permet d&#39;organiser le site comme on le d&eacute;sire. Il faut juste savoir que mettre une grid introduit une marge. Si on veut que tous les &eacute;lements soient align&eacute;s correctement, il ne faut pas faire :</p>\r\n\r\n<pre>\r\n<code class=\"language-html\">&lt;div class=\"ui grid content\"&gt;\r\n    &lt;div class=\"row\"&gt;&lt;/div&gt;\r\n      \r\n    &lt;div class=\"row ui grid\"&gt;\r\n        &lt;div class=\"row\"&gt;&lt;/div&gt;      \r\n        &lt;div class=\"row ui\"&gt;&lt;/div&gt;\r\n    &lt;/div&gt;\r\n&lt;/div&gt;</code></pre>\r\n\r\n<p>Mais:</p>\r\n\r\n<pre>\r\n<code class=\"language-html\">&lt;div class=\"ui grid content\"&gt;\r\n    &lt;div class=\"row\"&gt;&lt;/div&gt;\r\n      \r\n    &lt;div class=\"ui grid\"&gt;\r\n        &lt;div class=\"row\"&gt;&lt;/div&gt;      \r\n        &lt;div class=\"row ui\"&gt;&lt;/div&gt;\r\n    &lt;/div&gt;\r\n&lt;/div&gt;</code></pre>\r\n\r\n<h3><strong>Container</strong></h3>\r\n\r\n<p>La classe &quot;container&quot; permet de faire en sorte de donner une largeur maximale au site selon l&#39;&eacute;cran de l&#39;utilisateur. Il y a 3 paliers, qui d&eacute;finissent 4 intervals (correspondant &agrave; mobile, tablette, petit &eacute;cran, grand &eacute;cran)(on compte l&#39;interval &quot;plus petit que le premier palier&quot; et l&#39;interval &quot;plus grand que le dernier&quot;). Lorsque l&#39;utilisateur est dans un des intervals, alors le site s&#39;affichera dans la largeur du palier du dessous : <a href=\"http://semantic-ui.com/elements/container.html\">http://semantic-ui.com/elements/container.html</a>. Par exemple, sur un &eacute;cran de 1920*1080 (grand), le site s&#39;affichera avec la largeur du palier du dessous, c&agrave;d 1127px.</p>\r\n\r\n<p>C&#39;est assez avantageux de pouvoir travailler comme cela, on a plus qu&#39;&agrave; tester le site sur ces 4 resolutions et basta, pas besoin de faire toutes les possibilit&eacute;s d&#39;&eacute;cran imaginables. Sur mobile on aura la largeur &agrave; 100%, on peut utiliser des classes sp&eacute;cifiques (genre stackable), ca marche tr&egrave;s bien.</p>\r\n\r\n<h2><br />\r\nLe Javascript (seul), c&#39;est catastrophique. React JS</h2>\r\n\r\n<p>Le javascript est un language, disons &quot;particulier&quot;. Sam et Max en ont fait un article sympa <a href=\"http://sametmax.com/un-gros-troll-de-plus-sur-javacscript/\">http://sametmax.com/un-gros-troll-de-plus-sur-javacscript/</a>. Juste un exemple (tir&eacute; du lien pr&eacute;c&eacute;dent) illustrant le taux d&#39;alcool du language :</p>\r\n\r\n<pre>\r\n<code class=\"language-javascript\">&gt; {} + {} // Ceci n\'est effectivement PAS un nombre\r\nNaN\r\n&gt; {} + [] // logique IMPARABLE\r\n0\r\n&gt; [] + {} // fuck la commutativité\r\n\"[object Object]\"</code></pre>\r\n\r\n<p>Le JS est donc &agrave; manier avec pr&eacute;cautions. Pour gagner en productivit&eacute;, et avoir une belle organisation du code, on va utiliser un framework JS.</p>\r\n\r\n<p>Et l&agrave; c&#39;est la jungle. Il en existe partout, et &ccedil;a &eacute;volue &agrave; toute vitesse (sans parler des outils autour : bower, grunt, gulp, browserify ... Angular JS (de google) est le plus connu, mais la version 2 qui arrive casse apparemment pas mal de principes du premier, donc pas sur que ca vaille le coup de l&#39;apprendre (le premier j&#39;entend). Il y a Backbone, Amber, Polymer, etc. Et puis il y a React (de facebook). Celui-ci n&#39;est pas exactement un framework, mais plus une librairie, il est pr&eacute;sent&eacute; comme s&#39;occupant du V de MVC, c&agrave;d qu&#39;il permet de s&#39;occuper de la vue, de g&eacute;rer les composants graphiques. Pour faire une vraie application compl&egrave;te, on utilisera Flux en compl&eacute;ment (plus exactement son impl&eacute;mentation Redux), on verra &ccedil;a dans un autre article.</p>\r\n\r\n<p>On m&#39;a conseill&eacute; React pour plusieurs raisons :</p>\r\n\r\n<p>- Port&eacute; par facebook, donc tr&egrave;s utilis&eacute; et communaut&eacute; cons&eacute;quente</p>\r\n\r\n<p>- Open Source</p>\r\n\r\n<p>- Une approche sans templates, ca change pas mal des standards actuels.</p>\r\n\r\n<p>- Une approche ax&eacute;e sur la cr&eacute;ation de composants unitaires, pouvant s&#39;inclure les uns dans les autre, qui encourage la r&eacute;utilisabilit&eacute;.</p>\r\n\r\n<p>- De super performances (en th&eacute;orie, j&#39;ai pas encore test&eacute; en pratique). En gros, quand on modifie un &eacute;l&eacute;ment, React compare l&#39;ancien et le nouveau DOM et ne met &agrave; jour que les noeuds existants, de mani&egrave;re tr&egrave;s precise.</p>\r\n\r\n<p>- Consitue un outil pour construire notre application (=librairie), plut&ocirc;t qu&#39;une bo&icirc;te &agrave; outils (=un gros framework). On peut ainsi combiner React avec d&#39;autres outils pour s&#39;adapter, c&#39;est plus modulaire.</p>\r\n\r\n<p>- Une fois qu&#39;on connait React JS, on peut utilise React Native, qui permet de faire des applications mobiles !</p>\r\n\r\n<p>Le tuto de la doc (<a href=\"https://facebook.github.io/react/docs/tutorial.html\">https://facebook.github.io/react/docs/tutorial.html</a>) est d&eacute;j&agrave; tr&egrave;s bien pour commencer. Vous clonez le git (<a href=\"https://github.com/reactjs/react-tutorial/#to-use\">ici</a>), vous lancez le serveur et on est bon.</p>\r\n\r\n<p>Pourquoi avoir besoin d&#39;un serveur pour une initiation &agrave; React, qui devrait nous servir &agrave; faire une application cliente ? Le tuto est simple mais essaie de couvrir plusieurs fonctionalit&eacute;s, dont celle de faire des appels &agrave; une API REST. Le serveur est l&agrave; pour pouvoir faire ces appels, en plus de vous fournir l&#39;application React, tout comme ce sera le cas en production.</p>\r\n\r\n<p>NB: Je ne fais pas un tuto complet, simplement une initiation pour comprendre ce qui est important pour se lancer, et pour pouvoir se faire une id&eacute;e de la techno.</p>\r\n\r\n<h2>Keep It Simple, Stupid</h2>\r\n\r\n<p>&nbsp;&nbsp;&nbsp; ReactJS n&#39;utilise pas de templates comme on peut le voir ailleurs, lui son truc c&#39;est de cr&eacute;er des composants, des briques, et de les ajouter pour construire votre application. Une fois le composant cr&eacute;&eacute;, on peut le r&eacute;utiliser &agrave; souhait, et bien sur le mettre dans d&#39;autres composants. On peut ainsi cr&eacute;er un composant &quot;Menu&quot;,&nbsp; contenant un composant &quot;Titre&quot;, ainsi que des &quot;Item Menu&quot;. On pourra tout &agrave; fait exporter ce composant pour le r&eacute;utiliser dans une autre application.</p>\r\n\r\n<p>Essayons :</p>\r\n\r\n<pre>\r\n<code class=\"language-javascript\">import React from \'react\';\r\n\r\nvar Menu = React.createClass({\r\n  render: function() {\r\n    return (\r\n      &lt;div className=\"groupementmenu\"&gt;\r\n        &lt;div className=\"ui white big launch button menubutton\"&gt;\r\n          &lt;i className=\"content icon\"&gt;&lt;/i&gt;\r\n          &lt;span className=\"text\"&gt;Menu&lt;/span&gt;\r\n        &lt;/div&gt;\r\n      &lt;/div&gt;\r\n    );\r\n  }\r\n});</code></pre>\r\n\r\n<p>On cr&eacute;&eacute; donc un composant Menu, en utilisant createClass, qui doit d&eacute;finir un render, retournant le code correpondant &agrave; l&#39;&eacute;l&eacute;ment courant.</p>\r\n\r\n<p>&quot;Oula c&#39;est moche tu g&eacute;n&egrave;re du html, que tu int&egrave;gres direct &agrave; ton code ?&quot;</p>\r\n\r\n<p>Pas exactement, vous remarquerez par exemple qu&#39;on a pas d&#39;attribut &quot;class&quot;, mais un attribut &quot;className&quot;. En fait on ne g&eacute;n&egrave;re pas du HTML, on &eacute;crit du <strong>JSX</strong> (c&#39;est le nom de cette syntaxe proche du XML), que React va ensuite transformer en Javascript classique (c&agrave;d moche, difficile et p&eacute;nible &agrave; &eacute;crire).</p>\r\n\r\n<p>On peut bien sur <strong>imbriquer</strong> les composants entre eux:</p>\r\n\r\n<pre>\r\n<code class=\"language-php\">import React from \'react\';\r\n\r\nvar Menu = React.createClass({\r\n  render: function() {\r\n    return (\r\n      &lt;div className=\"four wide column center aligned groupementmenu\" &gt;\r\n        &lt;div className=\"ui white big launch button menubutton\"&gt;\r\n          &lt;i className=\"content icon\"&gt;&lt;/i&gt;\r\n          &lt;span className=\"text\"&gt;Menu&lt;/span&gt;\r\n        &lt;/div&gt;\r\n        &lt;MenuDepliant/&gt;\r\n      &lt;/div&gt;\r\n    );\r\n  }\r\n});\r\n\r\n\r\nvar MenuDepliant = React.createClass({\r\n  render: function(){\r\n    return(\r\n      &lt;div className=\"ui vertical compact menu mymenu\"&gt;      \r\n      &lt;/div&gt;\r\n    );\r\n  }\r\n});</code></pre>\r\n\r\n<p>On peut aussi cr&eacute;er des <strong>fonctions locales</strong> aux composants, appell&eacute;es par exemple lors du passage de la souris (ou de n&#39;importe quel event, <a href=\"https://facebook.github.io/react/docs/events.html\">voir doc</a>):</p>\r\n\r\n<pre>\r\n<code class=\"language-php\">import React from \'react\';\r\nvar Menu = React.createClass({\r\n  enterButton: function () {\r\n      $(\'.ui.mymenu\').transition(\'fade right\');{/*si on rentre la souris sur l\'element, on affiche*/}\r\n  },\r\n\r\n  outMenu: function () {\r\n      $(\'.ui.mymenu \').transition(\'fade right\');{/*si on sort du menu, on le fait disparaitre */}\r\n  },\r\n\r\n  render: function() {\r\n    return (\r\n      &lt;div className=\"groupementmenu\" onMouseLeave={this.outMenu}&gt;\r\n        &lt;div className=\"ui white big launch button menubutton\" onMouseEnter={this.enterButton}&gt;\r\n          &lt;i className=\"content icon\"&gt;&lt;/i&gt;\r\n          &lt;span className=\"text\"&gt;Menu&lt;/span&gt;\r\n        &lt;/div&gt;\r\n        &lt;ConnectedMenuDepliant/&gt;\r\n      &lt;/div&gt;\r\n    );\r\n  }\r\n});\r\n\r\nvar MenuDepliant = React.createClass({\r\n  render: function(){\r\n    return(\r\n      &lt;div className=\"ui vertical compact menu mymenu\"&gt;\r\n      &lt;/div&gt;\r\n    );\r\n  }\r\n});</code></pre>\r\n\r\n<p>Pour communiquer des donn&eacute;es entre eux, les composants utilisent des &quot;props&quot;. Par exemple, passons les titres des menus au MenuDepliant (ici je met le JSON dans une fonction pour simplifier mais on pourrait certainement mieux faire).</p>\r\n\r\n<p><strong>NB: Attention</strong> la syntaxe pour les commentaires en jsx est de la forme : {/* mon commentaire /*}</p>\r\n\r\n<pre>\r\n<code class=\"language-php\">import React from \'react\';\r\n\r\nvar Menu = React.createClass({\r\n  getMenuItems: function() {\r\n    return [\r\n        \"item 1\",\r\n        \"item 2\",\r\n        \"item 3\"\r\n    ];\r\n  },\r\n\r\n  enterButton: function () {\r\n      $(\'.ui.mymenu\').transition(\'fade right\');\r\n  },\r\n\r\n  outMenu: function () {\r\n      $(\'.ui.mymenu \').transition(\'fade right\');\r\n  },\r\n\r\n  render: function() {\r\n    return (\r\n      &lt;div className=\"groupementmenu\" onMouseLeave={this.outMenu}&gt;\r\n        &lt;div className=\"ui white big launch button menubutton\" onMouseEnter={this.enterButton}&gt;\r\n          &lt;i className=\"content icon\"&gt;&lt;/i&gt;\r\n          &lt;span className=\"text\"&gt;Menu&lt;/span&gt;\r\n        &lt;/div&gt;\r\n        &lt;MenuDepliant menuItems={this.getMenuItems()}/&gt; {/*Ici on passe cette propriété au child*/}\r\n      &lt;/div&gt;\r\n    );\r\n  }\r\n});\r\n\r\n\r\nvar MenuDepliant = React.createClass({\r\n  render: function(){\r\n    return(\r\n      &lt;div className=\"ui vertical compact menu mymenu\"&gt;\r\n        {this.props.menuItems.map(function(menuItem, i){ {/*on la reutilise ici avec this.props.menuitems */}\r\n          return &lt;a className=\"item\"&gt;{menuItem}&lt;/a&gt;; \r\n        }, this)}\r\n      &lt;/div&gt;\r\n    );\r\n  }\r\n});\r\n\r\nmodule.exports = {Menu};\r\n</code></pre>\r\n\r\n<p>NB: La fonction map permet d&#39;appliquer un traitement &agrave; chacun des &eacute;l&eacute;ments d&#39;une collection. Ici on demande de retourner un nouveau lien pour chaque menuItem.</p>\r\n\r\n<p>Ce qui est bien c&#39;est que si les props changent, les composants correspondant se metteront &agrave; jour automatiquement.</p>\r\n\r\n<p><strong>NB importante</strong>: Ici on passe l&#39;&eacute;valuation de la fonction en tant que props (this.getMenuItems()), mais on peut tout &agrave; fait envoyer directement la fonction ! (this.getMenuItems, sans les parenth&egrave;ses) Ainsi, on peut, par exemple, exposer un service du composant parent &agrave; un composant enfant. C&#39;est tr&egrave;s utile pour la prochaine feature : <strong>les states</strong>.</p>\r\n\r\n<p>Les states permettent de donner un &eacute;tat &agrave; l&#39;objet (thanks captain obvious). Ils sont parfois n&eacute;cessaires car les props sont immuables depuis l&#39;enfant.</p>\r\n\r\n<p>On pourrait par exemple imaginer un &eacute;tat nous disant si le menu est cach&eacute; ou pas (m&ecirc;me si on peut aussi obtenir cette information avec du jQuery) :</p>\r\n\r\n<pre>\r\n<code class=\"language-php\">var Menu = React.createClass({\r\n  getInitialState: function() { {/* On définit l\'état initial */}\r\n    return {hidden: true};\r\n  },\r\n\r\n  getMenuItems: function() {\r\n    return [\r\n        \"item 1\",\r\n        \"item 2\",\r\n        \"item 3\"\r\n    ];\r\n  },\r\n\r\n  enterButton: function () {\r\n      if(this.state.hidden == true){\r\n          $(\'.ui.mymenu\').transition(\'fade right\');\r\n          this.setState({hidden: false}); {/* On change le state (setState effectue un merge, donc màj ici puisque hidden est une clé déjà existante) */}\r\n      }\r\n  },\r\n\r\n  outMenu: function () {\r\n      if(this.state.hidden == false){\r\n          $(\'.ui.mymenu\').transition(\'fade right\');\r\n          this.setState({hidden: true});\r\n      }\r\n  },\r\n\r\n  render: function() {\r\n    return (\r\n      &lt;div className=\"groupementmenu\" onMouseLeave={this.outMenu}&gt;\r\n        &lt;div className=\"ui white big launch button menubutton\" onMouseEnter={this.enterButton}&gt;\r\n          &lt;i className=\"content icon\"&gt;&lt;/i&gt;\r\n          &lt;span className=\"text\"&gt;Menu&lt;/span&gt;\r\n        &lt;/div&gt;\r\n        &lt;MenuDepliant menuItems={this.getMenuItems()}/&gt; \r\n      &lt;/div&gt;\r\n    );\r\n  }\r\n});\r\n\r\n\r\nvar MenuDepliant = React.createClass({\r\n  render: function(){\r\n    return(\r\n      &lt;div className=\"ui vertical compact menu mymenu\"&gt;\r\n        {this.props.menuItems.map(function(menuItem, i){\r\n          return &lt;a className=\"item\"&gt;{menuItem}&lt;/a&gt;;\r\n        }, this)}\r\n      &lt;/div&gt;\r\n    );\r\n  }\r\n});\r\n\r\nmodule.exports = {Menu};</code></pre>\r\n\r\n<p>Enfin, les composants invoquent des m&eacute;thodes particuli&egrave;res au cours de leur vie, par exemple &agrave; chaque mise &agrave; jour du composant, avant qu&#39;il effectue son premier render() etc. Ceci est tr&egrave;s utile, voir la doc pour la liste des &eacute;v&egrave;nements (<a href=\"https://facebook.github.io/react/docs/component-specs.html\">https://facebook.github.io/react/docs/component-specs.html</a>).</p>\r\n\r\n<p>Voil&agrave; pour l&#39;intro &agrave; React !</p>\r\n\r\n<p>Liens int&eacute;ressants :</p>\r\n\r\n<ul>\r\n	<li><a href=\"http://blog.andrewray.me/reactjs-for-stupid-people/\">http://blog.andrewray.me/reactjs-for-stupid-people/</a></li>\r\n	<li><a href=\"https://github.com/petehunt/react-howto\">https://github.com/petehunt/react-howto</a></li>\r\n	<li><a href=\"https://github.com/LeoAJ/react-iTunes-search/blob/master/webpack.config.js\">https://github.com/LeoAJ/react-iTunes-search/blob/master/webpack.config.js</a> (un projet simple qui utilise React et webpack, tr&egrave;s pratique pour apprendre &agrave; organiser son application)</li>\r\n</ul>\r\n\r\n<h2>Les outils importants</h2>\r\n\r\n<p>&nbsp;&nbsp;&nbsp; Avant toute chose il faut utiliser npm, pour gerer les d&eacute;pendences de librairie. On commence par l&#39;installer (<a href=\"http://askubuntu.com/questions/426750/how-can-i-update-my-nodejs-to-the-latest-version\">http://askubuntu.com/questions/426750/how-can-i-update-my-nodejs-to-the-latest-version</a>, <strong>attention</strong> bien mettre la derni&egrave;re version sinon vous aurez des probl&egrave;mes !). Npm va nous permetter d&#39;installer les librairies de mani&egrave;re simple, et d&#39;ecrire dans un fichier package.json les noms desdites librairies. Ainsi, en changeant d&#39;environnement de production, il suffira de faire :</p>\r\n\r\n<pre>\r\n<code class=\"language-bash\">npm install</code></pre>\r\n\r\n<p>Et tout s&#39;installera !</p>\r\n\r\n<p>Quand on veut enregistrer une nouvelle librairie pour la production :</p>\r\n\r\n<pre>\r\n<code class=\"language-bash\">npm install --save &lt;maLibrairie&gt;</code></pre>\r\n\r\n<p>Et pour le d&eacute;veloppement :</p>\r\n\r\n<pre>\r\n<code class=\"language-bash\">npm install --save-dev &lt;malibrairie&gt;\r\n</code></pre>\r\n\r\n<p>On peut int&eacute;grer semantic UI directement dans le projet en tant que feuilles CSS et javascript, mais dans ce cas on se prive de la possibilit&eacute; de pouvoir red&eacute;finir les variables pour customiser (la police de caract&egrave;re par exemple). Pour build c&#39;est assez simple, voir la doc : <a href=\"http://semantic-ui.com/introduction/build-tools.html\">http://semantic-ui.com/introduction/build-tools.html</a>. Dans l&#39;id&eacute;al il faudrait utiliser webpack pour faire cela, l&agrave; la doc nous fait utiliser gulp (qui a une fonction proche de webpack), mais bon pour le moment on s&#39;en contentera.</p>\r\n\r\n<p>Webpack va nous permettre de faire plusieurs choses &agrave; la fois. Il va tout d&#39;abord nous permettre de regrouper tout notre javascript en un fichier et de le minifier (le compresser) pour la production. Ensuite, il va traiter nos fichier .js pour y appliquer diff&eacute;rentes transformation. La plus important est de les faire passer par Babel, un utilitaire qui nous permet de convertir du code ES6 vers du ES5.</p>\r\n\r\n<p><strong>NB</strong>: ES6 ou ECMAScript2015 est la derni&egrave;re version de javascript, et n&#39;est pas enti&egrave;rement support&eacute;e par tous les navigateurs actuels. Par exemple en ES6 on peut faire des fonctions anonymes de la sorte :</p>\r\n\r\n<pre>\r\n<code class=\"language-javascript\">arg =&gt; instructions</code></pre>\r\n\r\n<p>Mieux, on utiliser le &quot;spread operator&quot;, pour recr&eacute;er un objet ayant les memes attributs que le precedent:</p>\r\n\r\n<pre>\r\n<code class=\"language-javascript\">return [...object, variable]</code></pre>\r\n\r\n<p>Le ... decompose l&#39;objet en ses attributs, un peu comme l&#39;op&eacute;rateur splat en python. Le probl&egrave;me c&#39;est qu&#39;on ne peut pas encore faire :</p>\r\n\r\n<pre>\r\n<code class=\"language-javascript\">return {..., \"autrevar\": monAutreVar } //attention !</code></pre>\r\n\r\n<p>En fait normalement on pourra faire cela en ES7, donc ce n&#39;est pas pour tout de suite. A la place, on doit &eacute;crire ceci :</p>\r\n\r\n<pre>\r\n<code class=\"language-javascript\">return\r\n    Object.assign({}, state, {\r\n        currentReading: action.currentReading\r\n})</code></pre>\r\n\r\n<p>Enfin on va pouvoir utiliser webpack-dev-server, qui va regarder votre code, et mettre &agrave; jour automatiquement votre application dans le navigateur, plus besoin de faire F5.</p>\r\n\r\n<p>NB: De plus, webpack r&eacute;sout le probl&egrave;me du cache du navigateur. Avec des include javascript classiques dans votre code, le navigateur peut garder une ancienne version dans le cache, du coup vos derni&egrave;res modifications ne sont pas pr&eacute;sentes !</p>\r\n\r\n<p>Voila pour en savoir plus foncez ici : <a href=\"https://medium.com/@dabit3/beginner-s-guide-to-webpack-b1f1a3638460#.xu0yd1nij\">https://medium.com/@dabit3/beginner-s-guide-to-webpack-b1f1a3638460#.xu0yd1nij</a>, c&#39;est tr&egrave;s bien fait.</p>\r\n\r\n<p>Je laisse quand m&ecirc;me un fichier de config assez simple qui marche bien chez moi :</p>\r\n\r\n<pre>\r\n<code class=\"language-javascript\">module.exports = {\r\n  entry: [\"./semantic/dist/semantic.js\", \"./src/index.js\"],\r\n  output: {\r\n    filename: \"bundle.js\"\r\n  },\r\n  module: {\r\n    loaders: [\r\n      {\r\n        test: /\\.js$/,\r\n        loader: \'babel-loader\',\r\n        exclude: [/node_modules/,/semantic/],\r\n        query: {\r\n          \"presets\": [\r\n            require.resolve(\"babel-preset-es2015\"),\r\n            require.resolve(\"babel-preset-react\"),\r\n            require.resolve(\"babel-preset-stage-2\")\r\n          ],\r\n        }\r\n      },\r\n    ]\r\n  },\r\n  resolve: {\r\n    extensions: [\'\', \'.js\', \'.json\']\r\n  }\r\n}</code></pre>\r\n\r\n<p>Dans un prochain article, je parlerai de Flux, et plus exactement Redux, qui permet de faire des applications bien plus compl&egrave;tes, ainsi que de React-Router, qui permet de gerer les routes.</p>\r\n','2016-05-27 14:06:35','reactJS-semanticUI',1,'<p>Ces temps-ci je travaille sur un projet de R&amp;D portant sur les donn&eacute;es li&eacute;es (une composante du projet <a href=\"http://www.occiware.org/bin/view/Main/\">Occiware</a>). Avant de proposer une application exploitant l&#39;API d&eacute;j&agrave; pr&eacute;sente afin d&#39;illustrer les possibilit&eacute;s des donn&eacute;es li&eacute;es (linked data), je saute dans le bain du Front-end, afin d&#39;am&eacute;liorer le &quot;playground&quot;, une appli qui est en fait un genre de tutoriel de l&#39;API des donn&eacute;es li&eacute;es. Bref, je propose une modeste initiation au Front &agrave; travers mon experience.</p>\r\n',''),(24,'Introduction to React JS and Redux',2,'<p>I began to use ReactJS some weeks ago. Like I said in <a href=\"http://vulgairedev.fr/blog/article/reactJS-semanticUI\">a previous post</a> (in french), React is not a framework, but a library, its aim is not to provide tools for building a complete app : people say that it is the &quot;V&quot; in MVC. It does it really well, but what other tools can we use to build a complete app ? Well, we have <a href=\"https://github.com/reactjs/redux\">Redux</a>.</p>\r\n\r\n<p>In this post, I&#39;m going to explain the basics of Redux, and I will try to make it simple. It is just an introduction made for beginners.</p>\r\n\r\n<p>Let&#39;s say I have a small application, where I have a Menu, with links, and a a content. When I click on links, i want my content to change (NB: we could do that with react-router but it is a simple example to illustrate).</p>\r\n\r\n<p>A first approach could be to put our datas in App, and give a callback to children (via props) so that they can change the datas.</p>\r\n\r\n<pre>\r\n<code class=\"language-php\">export default class App extends React.Component{\r\n  constructor(){\r\n    super();\r\n    this.state = {\r\n      currentReading: \"This is the initial Reading\"\r\n    };\r\n  }\r\n\r\n  changeCurrentReading = (newReading) =&gt; {\r\n    this.setState({currentReading: newReading});\r\n  }\r\n\r\n  render() {\r\n    return (\r\n      &lt;div&gt;\r\n        &lt;Menu changeCurrentReading={this.changeCurrentReading}/&gt; {/* we give the callback for the children */}\r\n        &lt;Content content={this.state.currentReading}/&gt;\r\n      &lt;/div&gt;\r\n    )\r\n  }\r\n}\r\n\r\nclass Menu extends React.Component{\r\n  render() {\r\n    return (\r\n      &lt;div id=\"myMenu\"&gt;\r\n        &lt;ul&gt;\r\n          {/*we need to put arrows functions here because onClick is waiting for a function */}\r\n          &lt;li&gt;&lt;a onClick={() =&gt; this.props.changeCurrentReading(\"Lorem ipsum\")}&gt;Link 1&lt;/a&gt;&lt;/li&gt;\r\n          &lt;li&gt;&lt;a onClick={() =&gt; this.props.changeCurrentReading(\"Dolor sit amet\")}&gt;Link 2&lt;/a&gt;&lt;/li&gt;\r\n          &lt;li&gt;&lt;a onClick={() =&gt; this.props.changeCurrentReading(\"Consectetur\")}&gt;Link 3&lt;/a&gt;&lt;/li&gt;\r\n        &lt;/ul&gt;\r\n      &lt;/div&gt;\r\n    )\r\n  }\r\n}\r\n\r\nclass Content extends React.Component{\r\n  render() {\r\n    return (\r\n      &lt;div&gt;\r\n        &lt;p&gt;\r\n          {this.props.content}\r\n        &lt;/p&gt;\r\n      &lt;/div&gt;\r\n    )\r\n  }\r\n}</code></pre>\r\n\r\n<div style=\"text-align:center\">\r\n<figure class=\"image\" style=\"display:inline-block\"><img alt=\"\" height=\"173\" src=\"/media/uploads/adminVulgaireDev/2016/06/09/index.png\" width=\"363\" />\r\n<figcaption>A schema of our app</figcaption>\r\n</figure>\r\n</div>\r\n\r\n<p>It works. Now, imagine you have nested components : you would like to give the callbacks to children recursively. Imagine you have severals callbacks (or as we will name them, <strong>actions</strong>), many components who must emit differents actions, it is going to be quite difficult to maintain.</p>\r\n\r\n<div style=\"text-align:center\">\r\n<figure class=\"image\" style=\"display:inline-block\"><img alt=\"\" height=\"248\" src=\"/media/uploads/adminVulgaireDev/2016/06/09/index_MhpV3er.png\" width=\"563\" />\r\n<figcaption>Maintainability could become an issue</figcaption>\r\n</figure>\r\n</div>\r\n\r\n<p>&nbsp;</p>\r\n\r\n<p>To solve this problem, Facebook (creator of React) recommands using Flux. Flux is not a library, it is more of a pattern, a general architecture for your application, that&#39;s why there are many different implementations of Flux : <a href=\"https://github.com/reflux/refluxjs\">Reflux,</a> Fluxxuor, Alt ... And the most popular one, by far, is Redux, created by Dan Abramov. He presented his work during the react-europe convention in 2015 (check out <a href=\"https://www.youtube.com/watch?v=xsSnOQynTHs\">his talk</a> it&#39;s very interesting !), and the community started to use it very quickly.</p>\r\n\r\n<p>So before anything, what exactly is Flux?</p>\r\n\r\n<h2>What the Flux?</h2>\r\n\r\n<p>First, it is not MVC. Well there are similarities, but try to think just like if you were a beginner who desn&#39;t know at all about MVC.</p>\r\n\r\n<div style=\"text-align:center\">\r\n<figure class=\"image\" style=\"display:inline-block\"><img alt=\"\" height=\"218\" src=\"/media/uploads/adminVulgaireDev/2016/05/31/flux-simple-f8-diagram-with-client-action-1300w.png\" width=\"721\" />\r\n<figcaption>Facebook&#39;s schema of Flux</figcaption>\r\n</figure>\r\n</div>\r\n\r\n<p>&nbsp;</p>\r\n\r\n<p>Your application emits <strong>Actions</strong>. Those actions are <strong>dispatched</strong>, and change the <strong>Store</strong>, which contains your datas (like a model). When the Store changes, it emits notification to the <strong>View</strong>, which reupdate itself (this last part is basically an <a href=\"https://en.wikipedia.org/wiki/Observer_pattern\">Observer pattern</a>).</p>\r\n\r\n<p>It is a <strong>one-way data-binding </strong>(which you can differentiate from the two-way data-binding in AngularJs ), because the view updates itself when the store change, and not the opposite (in fact you can, but you will have to code it). The only way to change the store is to dispatch an action, and you are the only one that define what an action should do, so it is a very controlled system.</p>\r\n\r\n<p>If we schematize our application using flux, it would more likely be something like that :</p>\r\n\r\n<p style=\"text-align:center\"><img alt=\"\" height=\"213\" src=\"/media/uploads/adminVulgaireDev/2016/06/09/store.png\" width=\"382\" /></p>\r\n\r\n<p>We have a single store, which contains the current datas of the application.</p>\r\n\r\n<h2>Redux as an implementation of Flux</h2>\r\n\r\n<p>Redux has its particularities.</p>\r\n\r\n<p>First, we don&#39;t need a dispatcher element:</p>\r\n\r\n<p>&nbsp;</p>\r\n\r\n<div style=\"text-align:center\">\r\n<figure class=\"image\" style=\"display:inline-block\"><img alt=\"\" height=\"143\" src=\"/media/uploads/adminVulgaireDev/2016/06/09/redux.png\" width=\"283\" />\r\n<figcaption>How Redux works</figcaption>\r\n</figure>\r\n</div>\r\n\r\n<p>&nbsp;</p>\r\n\r\n<p>Secondly, with Redux we emit Actions, whiches change the <strong>Store</strong> via <strong>Reducers</strong>. When the store is changed, the View update itself.</p>\r\n\r\n<p><em><strong>Reducer</strong> is a key concept of Redux, it is a function who takes a state and an action, and create a new action.</em></p>\r\n\r\n<p>If we schematize, the Redux&#39;s store could be something like that :</p>\r\n\r\n<p style=\"text-align:center\"><img alt=\"\" height=\"223\" src=\"/media/uploads/adminVulgaireDev/2016/06/09/store-redux.png\" width=\"543\" /></p>\r\n\r\n<p>&nbsp;</p>\r\n\r\n<p>NB: Each time a reducer is called, a new State is generated. State object is immutable, and therefore it is impossible to modify it (this approach comes from functional paradigm). It is actually interesting for performances, because it&#39;s easy to know if the state has changed just by looking at its id, there is no need to check all nested properties of this object !</p>\r\n\r\n<h2>Let&#39;s code</h2>\r\n\r\n<p>Now that we have seen the idea of Redux, let&#39;s pratice !</p>\r\n\r\n<p>First you need to install these dependencies :</p>\r\n\r\n<pre>\r\n<code class=\"language-bash\">npm install --save redux react-redux</code></pre>\r\n\r\n<p>So let&#39;s write a minimal code which will be able to make my content change when I click on links, using <strong>Redux</strong>.</p>\r\n\r\n<p>We define our actions :</p>\r\n\r\n<pre>\r\n<code class=\"language-php\">//actionIndex.js\r\n\r\nexport setCurrentReading = (currentReading) =&gt; {\r\n  return {\r\n    type: \'SET_CURRENT_READING\',\r\n    currentReading: currentReading\r\n  }\r\n}\r\n</code></pre>\r\n\r\n<p>Then, we create our reducer (wich describes how our store will change with this action):</p>\r\n\r\n<pre>\r\n<code class=\"language-php\">//reducer.js\r\n\r\nconst reducer = (state, action) =&gt; {\r\n    switch (action.type) {\r\n        case \'SET_CURRENT_READING\':\r\n            {/*this function let us create a new object with the previous state (like a merge). For our simple case here we could just have returned {currentReading: action.currentReading}*/}\r\n            return Object.assign({}, state, { \r\n                currentReading: action.currentReading\r\n              })\r\n        default:\r\n            return state\r\n    }\r\n}\r\n\r\nexport default reducer\r\n</code></pre>\r\n\r\n<p>So the reducer defines what the store is composed of when an action is emitted, depending of the action (that&#39;s why there is a switch ... case). I insist on this point it&#39;s important.</p>\r\n\r\n<p>Now, we have to connect things with React, it&#39;s quite simple. First, we have to create the store when we create the application.</p>\r\n\r\n<pre>\r\n<code class=\"language-php\">//app.js\r\n\r\nimport React from \"react\"\r\nimport ReactDOM from \"react-dom\";\r\nimport { Provider } from \'react-redux\';\r\nimport { createStore } from \'redux\';\r\n\r\nimport App from \"./components/app.js\";\r\nimport reducer  from \"./reducers/reducer.js\";\r\n\r\nconst initialState = {\r\n  currentReading: \"This is the initial reading\"\r\n};\r\n\r\n{/*We create the store with the initial state*/}\r\nlet store = createStore(reducer, initialState);\r\n\r\nReactDOM.render(\r\n  &lt;Provider store={store}&gt;\r\n    &lt;App/&gt;\r\n  &lt;/Provider&gt;,\r\n  document.getElementsByClassName(\'generalContainer\')[0]\r\n);\r\n</code></pre>\r\n\r\n<p>The &lt;Provider&gt;&lt;/Provider&gt; gives acces to the store to all children components. More precisely, it makes the &quot;connect&quot; function accessible to children, because you have to specify wich component you want to connect to the store.</p>\r\n\r\n<p>The &quot;connect&quot; function can takes several arguments, we will just look at the first one. It defines how to map the datas of the current state to the props of the current component. This function is called each time the store changes, so that props of the component is a reflect of the store.</p>\r\n\r\n<pre>\r\n<code class=\"language-php\">//content.js\r\nclass Content extends React.Component{\r\n  render() {\r\n    return (\r\n      &lt;div&gt;\r\n        &lt;p&gt;\r\n          {this.props.currentReading}\r\n        &lt;/p&gt;\r\n      &lt;/div&gt;\r\n    )\r\n  }\r\n}\r\nconst mapStateToPropsContent = (state) =&gt; ({\r\n    currentReading: state.currentReading\r\n})\r\nconst ContentConnected = connect(mapStateToPropsContent)(Content);\r\n</code></pre>\r\n\r\n<p><strong>NB important</strong>: You have to use the connected component now (&lt;ContentConnected/&gt; instead of &lt;Content/&gt;) !</p>\r\n\r\n<p>Everything is now ok, we just have to dispatch an action in our component when the user clicks on the link :</p>\r\n\r\n<pre>\r\n<code class=\"language-php\">import * as actions from actionsIndex.js\r\nimport React from \'react\';\r\nimport { connect } from \'react-redux\';\r\n\r\nexport default class App extends React.Component{\r\n\r\n  render() {\r\n    return (\r\n      &lt;div&gt;\r\n        &lt;MenuConnected/&gt;\r\n        &lt;ContentConnected /&gt;\r\n      &lt;/div&gt;\r\n    )\r\n  }\r\n}\r\n\r\nclass Menu extends React.Component{\r\n  render() {\r\n    return (\r\n      &lt;div id=\"myMenu\"&gt;\r\n        &lt;ul&gt;\r\n          {/*Here we dispatch our action*/}\r\n          &lt;li&gt;&lt;a onClick={() =&gt; this.props.dispatch(actions.setCurrentReading(\"First reading\"))}&gt;Link 1&lt;/a&gt;&lt;/li&gt;\r\n          &lt;li&gt;&lt;a onClick={() =&gt; this.props.dispatch(actions.setCurrentReading(\"Second reading\"))}&gt;Link 2&lt;/a&gt;&lt;/li&gt;\r\n          &lt;li&gt;&lt;a onClick={() =&gt; this.props.dispatch(actions.setCurrentReading(\"Third reading\"))}&gt;Link 3&lt;/a&gt;&lt;/li&gt;\r\n        &lt;/ul&gt;\r\n      &lt;/div&gt;\r\n    )\r\n  }\r\n}\r\n{/*We need to connect the Menu to access the \"dispatch\" prop\"*/}\r\nconst MenuConnected = connect()(Menu);\r\n\r\nclass Content extends React.Component{\r\n  render() {\r\n    return (\r\n      &lt;div&gt;\r\n        &lt;p&gt;\r\n          {this.props.content}\r\n        &lt;/p&gt;\r\n      &lt;/div&gt;\r\n    )\r\n  }\r\n}\r\nconst mapStateToPropsContent = (state) =&gt; ({\r\n    currentPath: state.currentPath\r\n})\r\nconst ContentConnected = connect(mapStateToPropsContent)(Content);</code></pre>\r\n\r\n<p>It now works !</p>\r\n\r\n<p>For the organization of our app, I suggest something like that :</p>\r\n\r\n<p>npm_modules/</p>\r\n\r\n<p>src/</p>\r\n\r\n<p>&nbsp;&nbsp;&nbsp; actions/</p>\r\n\r\n<p>&nbsp;&nbsp;&nbsp;&nbsp;&nbsp;&nbsp;&nbsp; actionsIndex.js</p>\r\n\r\n<p>&nbsp;&nbsp;&nbsp; reducers/</p>\r\n\r\n<p>&nbsp;&nbsp;&nbsp;&nbsp;&nbsp;&nbsp;&nbsp; reducers.js</p>\r\n\r\n<p>&nbsp;&nbsp;&nbsp; components/</p>\r\n\r\n<p>&nbsp;&nbsp;&nbsp;&nbsp;&nbsp;&nbsp;&nbsp; app.js</p>\r\n\r\n<p>&nbsp;&nbsp;&nbsp;&nbsp;&nbsp;&nbsp;&nbsp; content.js</p>\r\n\r\n<p>&nbsp;&nbsp;&nbsp;&nbsp;&nbsp;&nbsp;&nbsp; menu.js</p>\r\n\r\n<p>index.html</p>\r\n\r\n<p>webpack.config.js</p>\r\n\r\n<p>package.json</p>\r\n\r\n<p>&nbsp;</p>\r\n\r\n<p>This is a simple organisation, maybe you should consider, in a second time, making a distinction between <a href=\"http://redux.js.org/docs/basics/UsageWithReact.html\">container and components</a>.</p>\r\n\r\n<p>&nbsp;</p>\r\n\r\n<p>Here we are, we have a (very) simple application using React and Redux. It might seems a little bit of overkill in this case, but with a bigger app it clearly has its benefits, try it you&#39;ll see !</p>\r\n\r\n<p>In addition, I made a boilerplate for React + Redux + Semantic UI. It is pretty useful to me : <a href=\"https://github.com/Romathonat/RRSUI-boilerplate\">https://github.com/Romathonat/RRSUI-boilerplate</a></p>\r\n\r\n<p>&nbsp;</p>\r\n\r\n<p>Links:</p>\r\n\r\n<p><a href=\"https://github.com/reactjs/react-redux/blob/master/docs/api.md#provider-store\">https://github.com/reactjs/react-redux/blob/master/docs/api.md#provider-store</a></p>\r\n\r\n<p><a href=\"http://redux.js.org/docs/introduction/ThreePrinciples.html\">http://redux.js.org/docs/introduction/ThreePrinciples.html</a></p>\r\n\r\n<p><a href=\"https://medium.com/@dan_abramov/smart-and-dumb-components-7ca2f9a7c7d0#.9lmyzkil5\">https://medium.com/@dan_abramov/smart-and-dumb-components-7ca2f9a7c7d0#.9lmyzkil5</a></p>\r\n','2016-06-09 15:09:11','intro-Redux-ReactJS',1,'<p>I began to use ReactJS some weeks ago. Like I said in a previous post, React is not a framework, but a library, its aim is not to provide tools for building a complete app : people say that it is the &quot;V&quot; in MVC. It does it really well, but what other tools can we use to build a complete app ? Here comes <a href=\"https://github.com/reactjs/redux\">Redux</a>.</p>\r\n',''),(25,'How to include Markdown pages in React',2,'<p>The main project i am currently working on is a playground wich illustrate the possibilities of a REST API, which aim is to normalize and unify the cloud management (more infos on a next article, i guess?).</p>\r\n\r\n<p>To do so, I use React. One of the features of this playground is that, like in a Documentation, you have some Readings. You click on a Menu, then you can read on a specific location of the page. In a previous project, I did it with HTML files that I included, but we wan do way better. We can use <strong>Markdown</strong>.</p>\r\n\r\n<p>Before starting, I assume that you already know the basics of React, webpack and npm.</p>\r\n\r\n<h2>What is Markdown ?</h2>\r\n\r\n<p>Well, it is a simple way of formating text. More simple than HTML and CSS, simpler than Latex for example.</p>\r\n\r\n<p>Mardown is used on Github, on many blogs, and often in documentation nowadays. Here is a simple example of how Mardown code:</p>\r\n\r\n<pre>\r\n<code class=\"language-markdown\"># Mardown title\r\n\r\nHere is some text\r\n\r\n* This is an element of bullet list\r\n* this is another\r\n\r\nThis is a link [myBeautifulLink](www.google.com)\r\n\r\n## Mardown subtitle\r\n\r\n&lt;blockquote&gt;\r\n    This is a bloquote\r\n&lt;/blockquote&gt;\r\n\r\n## How about some code?\r\n\r\n```js\r\nvar React = require(\'react\');\r\n\r\nvar i = 25;\r\n```\r\nLorem ipsum dolor sit amet, consectetur adipiscing elit, sed do eiusmod tempor incididunt ut labore et dolore magna aliqua.</code></pre>\r\n\r\n<p>And the result :</p>\r\n\r\n<p style=\"text-align:center\"><img alt=\"\" height=\"581\" src=\"/media/uploads/adminVulgaireDev/2016/07/11/markdown_BpqxScr.png\" width=\"1000\" /></p>\r\n\r\n<p>You can find a markdown cheatsheet here <a href=\"https://github.com/adam-p/markdown-here/wiki/Markdown-Cheatsheet\">https://github.com/adam-p/markdown-here/wiki/Markdown-Cheatsheet</a></p>\r\n\r\n<p>A cool thing with Markdown is its simplicity, so when you have a markdown system, you can edit easily, without wasting time. Moreover, the result is beautiful, normalized, and people can contribute easily to the modification of the markdown file : it is well-known among developers, and it is quite user friendly.</p>\r\n\r\n<p>When we have a system like the one we are going to make, we can do interesing things, for instance take the documentation.md (or the wiki) of a Github project, and use it directly on another website via a call to the GitHub API ! This way, there is a unique source of truth for the documentation.</p>\r\n\r\n<h2>How to use it with React ?</h2>\r\n\r\n<p>First, we will use react-markdown <a href=\"https://github.com/rexxars/react-markdown\">https://github.com/rexxars/react-markdown</a></p>\r\n\r\n<pre>\r\n<code class=\"language-bash\">npm install --save react-markdown</code></pre>\r\n\r\n<p>Then, you need to install a JSON loader :</p>\r\n\r\n<pre>\r\n<code class=\"language-bash\">npm install --save json-loader</code></pre>\r\n\r\n<p>Then add the loader to webpack:</p>\r\n\r\n<pre>\r\n<code class=\"language-javascript\">{\r\n    module: {\r\n        loaders: [{\r\n            test: /\\.json$/,\r\n            loader: \'json\'\r\n        }]\r\n    }\r\n}</code></pre>\r\n\r\n<p>Then, important part, you must specify that you want to read the mardown file as a raw string, to give to ReactMarkdown, or else webpack will have a problem. To do so, you need to install webpack-raw-loader:</p>\r\n\r\n<pre>\r\n<code class=\"language-bash\">npm install --save raw-loader</code></pre>\r\n\r\n<p>Once this is done, you can choose the part of your application where you want to display the Markdown&nbsp; (I have a specific component for tha):</p>\r\n\r\n<pre>\r\n<code class=\"language-javascript\">import React from \'react\';\r\nimport ReactMarkdown from \'react-markdown\';\r\nimport CodeBlock from \'../code-block.js\';\r\n\r\n{/*We use the raw loader here*/}\r\nvar mardownFile = require(\'raw!./readings/GettingStarted.md\');\r\n\r\nexport default class Reading extends React.Component{\r\n\r\n  render() {\r\n    return (\r\n      &lt;div className=\"ui reading segmentpadding\"&gt;\r\n        &lt;ReactMarkdown source={mardownFile} renderers={Object.assign({}, ReactMarkdown.renderers, {\r\n                            CodeBlock: CodeBlock })}/&gt;\r\n      &lt;/div&gt;\r\n    );\r\n  }\r\n}</code></pre>\r\n\r\n<p>So we give to the ReactMardown component a source, which is the markdown file we want to display, and &quot;renderers&quot;. We need this to specify the highlighting of the code we put in the markdown. Indeed, if you don&#39;t do this, instead of having this :</p>\r\n\r\n<p style=\"text-align:center\"><img alt=\"\" height=\"241\" src=\"/media/uploads/adminVulgaireDev/2016/07/11/prettyjs.png\" width=\"911\" /></p>\r\n\r\n<p>You will have this :</p>\r\n\r\n<p style=\"text-align:center\"><img alt=\"\" height=\"206\" src=\"/media/uploads/adminVulgaireDev/2016/07/11/uglyjs.png\" width=\"879\" /></p>\r\n\r\n<p>To activate highlight, just copy this file (that i modified a little from <a href=\"https://github.com/rexxars/react-markdown/issues/3\">here</a>) :</p>\r\n\r\n<pre>\r\n<code class=\"language-javascript\">var React = require(\'react\');\r\nvar hljs = window.hljs;\r\n\r\nexport default class CodeBlock extends React.Component{\r\n    componentDidMount = () =&gt; {\r\n        this.highlightCode();\r\n    }\r\n\r\n    componentDidUpdate = () =&gt; {\r\n        this.highlightCode();\r\n    }\r\n\r\n    highlightCode = () =&gt; {\r\n        hljs.highlightBlock(this.refs.code);\r\n    }\r\n\r\n    render() {\r\n        return (\r\n            &lt;pre&gt;\r\n              &lt;code className={this.props.language} ref=\"code\"&gt;\r\n                {this.props.literal}\r\n              &lt;/code&gt;\r\n            &lt;/pre&gt;\r\n        );\r\n    }\r\n};\r\n</code></pre>\r\n\r\n<p>Finally, include the highlight.js into you index.html :</p>\r\n\r\n<pre>\r\n<code class=\"language-html\">&lt;head&gt;\r\n    &lt;link rel=\"stylesheet\" href=\"//cdnjs.cloudflare.com/ajax/libs/highlight.js/8.5/styles/github.min.css\" /&gt;\r\n    &lt;script src=\"//cdnjs.cloudflare.com/ajax/libs/highlight.js/8.5/highlight.min.js\"&gt;&lt;/script&gt;\r\n&lt;/head&gt;</code></pre>\r\n\r\n<p>&nbsp;</p>\r\n\r\n<p>Here you are, you can include markdown files into React !</p>\r\n\r\n<p>I keeped just the essential code, for the sake of simplicity, but you can find a demo project here :</p>\r\n\r\n<p><a href=\"https://github.com/Romathonat/markdown-react-demo\">https://github.com/Romathonat/markdown-react-demo</a></p>\r\n\r\n<p>&nbsp;</p>\r\n\r\n<p>Some links :</p>\r\n\r\n<p><a href=\"https://github.com/adam-p/markdown-here/wiki/Markdown-Cheatsheet\">https://github.com/adam-p/markdown-here/wiki/Markdown-Cheatsheet</a></p>\r\n\r\n<p><a href=\"https://github.com/rexxars/react-markdown\">https://github.com/rexxars/react-markdown</a></p>\r\n','2016-07-13 07:30:20','markdown-pages-react',1,'<p>The main project i am currently working on is a playground wich illustrate the possibilities of a REST API, which aim is to normalize and unify the cloud management (more infos on a next article, i guess?).</p>\r\n\r\n<p>To do so, I use React. One of the features of this playground is that, like in a Documentation, you have some Readings. You click on a Menu, then you can read on a specific location of the page. In a previous project, I did it with HTML files that I included, but we wan do way better. We can use <strong>Markdown</strong>.</p>\r\n',''),(26,'Double data binding with Redux + React',2,'<p>The double data binding is something more common with Angular js than with React and Redux, because the flux pattern is a &quot;one way data binding&quot;. But sometimes you&#39;ll need it (or at least it is the simplest way of doing the job).</p>\r\n\r\n<h2>What is this &quot;double way data-binding&quot; ?</h2>\r\n\r\n<p>The double way data-binding means that in your application, a modification of the view (the UI if you prefer) implies the modification of the model (or the Store, if we talk with the Redux language), and inversely, a modification of the model implies the modification of the view.</p>\r\n\r\n<p>Mathematically speaking, we have a double implication, so there is an equivalence between the model and the view (for the datas).</p>\r\n\r\n<p><span class=\"math-tex\">\\(UIModification \\implies StoreModification\\)</span></p>\r\n\r\n<p>and</p>\r\n\r\n<p><span class=\"math-tex\">\\(StoreModification \\implies UIModification\\)</span></p>\r\n\r\n<p>so :</p>\r\n\r\n<p><span class=\"math-tex\">\\(UIModification \\equiv StoreModificaton\\)</span></p>\r\n\r\n<p>Conclusion: in a double way data-binding, <strong>the datas of the UI and the ones of the Store are always the same</strong>, and <strong>the modification of one implies the modification of the other.</strong></p>\r\n\r\n<p>Why do we need that ?</p>\r\n\r\n<p>For instance, I am working on an application wich let the user make REST calls. He can specify the current URL he wants to call, so there is a field &quot;URL&quot;. I need this url when the user clicks on the &quot;GET&quot; button.</p>\r\n\r\n<p>If it is all I need, a classic redux action would be enough : we dispatch an action &quot;SET_CURRENT_PATH&quot; each time the url field is changed, and the store will change.</p>\r\n\r\n<p style=\"text-align:center\"><img alt=\"\" height=\"264\" src=\"/media/uploads/adminVulgaireDev/2016/07/12/one-way.png\" width=\"568\" /></p>\r\n\r\n<p>But what if another component changes the current path ? The URL label will not be up-to-date !</p>\r\n\r\n<p style=\"text-align:center\"><img alt=\"\" height=\"431\" src=\"/media/uploads/adminVulgaireDev/2016/07/12/one_way_error.png\" width=\"654\" /></p>\r\n\r\n<p>&nbsp;</p>\r\n\r\n<p>In fact, I also want the URL field to update when the user clicks on some links (because I have some links that make directly a REST call) ! That is why we need a double way data binding here.</p>\r\n\r\n<p style=\"text-align:center\"><img alt=\"\" height=\"358\" src=\"/media/uploads/adminVulgaireDev/2016/07/12/two-way.png\" width=\"638\" /></p>\r\n\r\n<p>This way we are good, if we hide the complexity of Redux (unnecessary here), we have this :</p>\r\n\r\n<p style=\"text-align:center\"><img alt=\"\" height=\"264\" src=\"/media/uploads/adminVulgaireDev/2016/07/12/final_simplification.png\" width=\"569\" /></p>\r\n\r\n<p>&nbsp;</p>\r\n\r\n<h2>How to code it ?</h2>\r\n\r\n<pre>\r\n<code class=\"language-php\">{/*actionIndex.js*/}\r\n\r\nexport function setCurrentQueryPath(currentPath) {\r\n  return {\r\n    type: \'SET_CURRENT_QUERY_PATH\',\r\n    currentPath: currentPath\r\n  }\r\n}\r\n</code></pre>\r\n\r\n<pre>\r\n<code class=\"language-php\">{/*reducerIndex.js*/}\r\n\r\nconst reducer = (state, action) =&gt; {\r\n    switch (action.type) {\r\n        case \'SET_CURRENT_QUERY_PATH\':\r\n            return {\r\n                ...state,\r\n                currentPath: action.currentPath\r\n              }\r\n        default:\r\n            return state\r\n    }\r\n}\r\n\r\nexport default reducer\r\n</code></pre>\r\n\r\n<p>&nbsp;</p>\r\n\r\n<pre>\r\n<code class=\"language-php\">{/*  InputCurrentPath.js */}\r\nimport React from \'react\';\r\nimport { connect } from \'react-redux\';\r\n\r\nimport * as actions from \'../actions/actionIndex.js\';\r\n\r\nclass InputCurrentPath extends React.Component{\r\n  updateCurrentPath = (e) =&gt; {\r\n    {/* We map the URL field to the currentPath of the store*/}\r\n    this.props.dispatch(actions.setCurrentQueryPath(e.target.value));\r\n  }\r\n  render() {\r\n    return (\r\n      &lt;input className=\"myurl\" value={this.props.currentPath} type=\"text\" onChange={this.updateCurrentPath}/&gt;\r\n    );\r\n  }\r\n}\r\n\r\n{/* We map the currentPath of the store to the URL field*/}\r\nconst mapStateToPropsInputCurrentPath = (state/*, props*/) =&gt; ({\r\n    currentPath: state.currentPath\r\n})\r\nexport default InputCurrentPath = connect(mapStateToPropsInputCurrentPath)(InputCurrentPath);\r\n</code></pre>\r\n\r\n<p>Here we are, I hope this helped you !</p>\r\n\r\n<p>(if you see some mistakes let me know, I am not a native english speaker !)</p>\r\n','2016-07-12 12:48:14','double-data-binding-Redux-React',1,'<p>The double data binding is something more common in Angular js than with React and Redux, because the flux pattern is a &quot;one way data binding&quot;. But sometimes you&#39;ll need it (or at least it is the simplest way of doing the job)</p>\r\n',''),(30,'OCCInterface and ExploREST ',2,'<p>qdq</p>\r\n','2016-09-02 09:21:16','occinterface-exploREST',1,'<p>OCCInterface and ExploREST are part of the result of my work this summer. Check it out !</p>\r\n','OCCInterface/OCCInterface.md'),(31,'Disqus comments and article submission',2,'<p>azz</p>\r\n','2016-09-16 20:35:59','disqus-comments-article-submission',1,'<p>A quick article to explain two new functionalities of vulgairedev.</p>\r\n','commentsArticlModif/commentsArticModifs.md'),(32,'Numérique et éducation',2,'<p>d</p>\r\n','2016-10-28 14:22:58','numerique-education',1,'<p>Parlons un peu du passage au num&eacute;rique dans l&#39;&eacute;ducation. Il y a deux-trois points qui me titillent que je voudrais partager.</p>\r\n','passageNumerique/passageNumerique.md'),(33,'Introduction to caffe',2,'<p>s</p>\r\n','2016-11-07 16:03:47','caffe-introduction',1,'<p>Today, an article about caffe, a framework for convolutional neural network (machine learning). Caffe is quite famous, but its documentation is terrific. In this tutorial we will train a model, and use the python interface to ask the Neural Network to classify an image.</p>\r\n','caffeIntroduction/caffeIntroduction.md'),(34,'Faces detection with caffe',2,'<p>sd</p>\r\n','2016-11-20 15:47:14','faces-detection-caffe',1,'<p>This is a project I worked on recently : detecting faces on an image thanks to machine learning (using caffe for CNN).</p>\r\n','CNNarticle/CNNarticle.md'),(36,'Eight Queens Puzzle',2,'<p>s</p>\r\n','2016-12-31 11:17:09','eightQueensPuzzle',1,'<p>You have a chessboard of 8*8 square. You have 8 queens. Your goal is to place the 8 queens on the board, without any of them threatening another one. A queen is threaten if she is on the same row, or the same column, or the same diagonal of another queen (like in the rules of chess).</p>\r\n','eightQueensPuzzle/eightQueens.md'),(37,'Faux positifs',2,'<p>s</p>\r\n','2017-02-10 14:57:25','faux-positifs',1,'<p>En statistique et en machine learning, on utilise souvent la notion de &quot;faux positifs&quot;, &quot;vrai positifs&quot;, rappel, pr&eacute;cision ... Nous allons expliquer ces concepts aujourd&#39;hui.</p>\r\n','fauxPositifs/fauxPositifs.md'),(38,'Les problemes P, NP',2,'<p>s</p>\r\n','2017-03-10 11:00:41','problemesP_NP',1,'<p>Nous allons parler des probl&egrave;mes P, NP, NP-Complet et NP-Difficile. Ce sont des notions de base en informatique en tant que &quot;science&quot;.</p>\r\n','NPProblemes/NPProblemes.md');
/*!40000 ALTER TABLE `blog_article` ENABLE KEYS */;
UNLOCK TABLES;

--
-- Table structure for table `blog_article_categorie`
--

DROP TABLE IF EXISTS `blog_article_categorie`;
/*!40101 SET @saved_cs_client     = @@character_set_client */;
/*!40101 SET character_set_client = utf8 */;
CREATE TABLE `blog_article_categorie` (
  `id` int(11) NOT NULL AUTO_INCREMENT,
  `article_id` int(11) NOT NULL,
  `categorie_id` int(11) NOT NULL,
  PRIMARY KEY (`id`),
  UNIQUE KEY `blog_article_categorie_article_id_69a7a01f_uniq` (`article_id`,`categorie_id`),
  KEY `blog_article_categori_categorie_id_f7839d5d_fk_blog_categorie_id` (`categorie_id`),
  CONSTRAINT `blog_article_categorie_article_id_09003486_fk_blog_article_id` FOREIGN KEY (`article_id`) REFERENCES `blog_article` (`id`),
  CONSTRAINT `blog_article_categori_categorie_id_f7839d5d_fk_blog_categorie_id` FOREIGN KEY (`categorie_id`) REFERENCES `blog_categorie` (`id`)
) ENGINE=InnoDB AUTO_INCREMENT=199 DEFAULT CHARSET=utf8;
/*!40101 SET character_set_client = @saved_cs_client */;

--
-- Dumping data for table `blog_article_categorie`
--

LOCK TABLES `blog_article_categorie` WRITE;
/*!40000 ALTER TABLE `blog_article_categorie` DISABLE KEYS */;
INSERT INTO `blog_article_categorie` VALUES (1,5,1),(168,6,1),(3,7,6),(5,9,5),(7,11,1),(8,11,2),(192,14,1),(191,16,2),(181,17,1),(38,18,5),(154,19,2),(96,20,2),(97,20,5),(99,21,1),(100,21,7),(92,22,1),(93,22,7),(143,23,5),(156,24,5),(166,25,5),(164,26,5),(177,30,5),(178,31,5),(180,32,7),(182,33,5),(193,34,2),(194,34,5),(190,36,2),(195,37,1),(196,37,7),(197,38,1),(198,38,2);
/*!40000 ALTER TABLE `blog_article_categorie` ENABLE KEYS */;
UNLOCK TABLES;

--
-- Table structure for table `blog_articleproposition`
--

DROP TABLE IF EXISTS `blog_articleproposition`;
/*!40101 SET @saved_cs_client     = @@character_set_client */;
/*!40101 SET character_set_client = utf8 */;
CREATE TABLE `blog_articleproposition` (
  `id` int(11) NOT NULL AUTO_INCREMENT,
  `titre` varchar(100) NOT NULL,
  `contenu` longtext NOT NULL,
  `auteur_id` int(11) NOT NULL,
  PRIMARY KEY (`id`),
  KEY `blog_articleproposition_auteur_id_39a5ba9e_fk_auth_user_id` (`auteur_id`),
  CONSTRAINT `blog_articleproposition_auteur_id_39a5ba9e_fk_auth_user_id` FOREIGN KEY (`auteur_id`) REFERENCES `auth_user` (`id`)
) ENGINE=InnoDB AUTO_INCREMENT=2 DEFAULT CHARSET=utf8;
/*!40101 SET character_set_client = @saved_cs_client */;

--
-- Dumping data for table `blog_articleproposition`
--

LOCK TABLES `blog_articleproposition` WRITE;
/*!40000 ALTER TABLE `blog_articleproposition` DISABLE KEYS */;
INSERT INTO `blog_articleproposition` VALUES (1,'Enigme: La ronde des chapeaux','<p>Je vous propose la petite &eacute;nigme suivante :</p>\r\n\r\n<p>&nbsp;</p>\r\n\r\n<hr />\r\n<p>Dans une salle sans miroir se trouvent N personnes. Chacune de ces personnes porte sur la t&ecirc;te un chapeau color&eacute; et peut voir la couleur des chapeaux des autres personnes. Par contre, une personne ne peut pas connaitre la couleur de son chapeau.</p>\r\n\r\n<p>On sait qu&#39;il existe N couleurs de chapeau diff&eacute;rentes. Attention, plusieurs personnes peuvent avoir un chapeau de m&ecirc;me couleur sur la t&ecirc;te! Ainsi, une couleur de chapeau qui existe peut ne pas &ecirc;tre port&eacute;e. (Il n&#39;y a pas de bijection entre les couleurs et les personnes).</p>\r\n\r\n<p>Au bout d&#39;un certain temps, les N personnes vont annoncer simultan&eacute;ment une couleur. Quelle strat&eacute;gie doivent-elles mettre en place pour qu&#39;au moins l&#39;une d&#39;entre elle annonce la couleur de son chapeau?</p>\r\n\r\n<hr />\r\n<p>&nbsp;</p>\r\n\r\n<p>La solution est la suivante : (N&#39;oubliez pas de chercher par vous m&ecirc;me auparavant !)</p>\r\n\r\n<p>&nbsp;</p>\r\n\r\n<p>Afin de simplifier l&#39;&eacute;nigme, on peut consid&eacute;rer un probl&egrave;me &eacute;quivalent dans lequel les chapeaux ne sont pas color&eacute;s, mais num&eacute;rot&eacute;s de 0 &agrave; N-1. Ainsi, chaque personne porte sur sa t&ecirc;te un num&eacute;ro qu&#39;il va devoir deviner.</p>\r\n\r\n<p>Remarquons que la somme des num&eacute;ro des chapeaux modulo N donne un nombre inclus dans l&#39;intervalle [0 ; N-1]. Nous avons &agrave; disposition autant de personnes que de sommes (modulo N) possibles. On d&eacute;cide alors d&#39;associer &agrave; chaque personne une somme possible. Par exemple, la personne k sera associ&eacute;e &agrave; la somme k. Je propose d&#39;appeler S la somme r&eacute;elle des chapeaux (modulo N).</p>\r\n\r\n<p>Une fois ceci pos&eacute;, la strat&eacute;gie &agrave; mettre en place est la suivante : chaque personne doit calculer la somme des chapeaux visibles (modulo N). Cette somme interm&eacute;diaire S<sub>i</sub> est &eacute;gale &agrave;</p>\r\n\r\n<p>S<sub>i</sub> = S - (chapeau de k)&nbsp;&nbsp;&nbsp;&nbsp; (modulo N)</p>\r\n\r\n<p>Dans cette &eacute;quation, la personne connait S<sub>i</sub>, mais pas S ni la valeur de son propre chapeau. Cependant, nous avons associ&eacute; chaque personne &agrave; une somme possible k. On va donc demander &agrave; chaque personne de supposer que S = k. L&#39;&eacute;quation ci dessus devient :</p>\r\n\r\n<p>S<sub>i</sub> = k - (chapeau de k)&nbsp;&nbsp;&nbsp;&nbsp; (modulo N)</p>\r\n\r\n<p>Par cons&eacute;quent, chaque personne peut calculer une valeur pour chapeau de k. Cette valeur sera la v&eacute;ritable valeur du chapeau de k, &agrave; l&#39;unique condition que :</p>\r\n\r\n<p>S = k</p>\r\n\r\n<p>Or cette condition est vraie pour exactement une personne dans la salle ! Et cel&agrave;, parce que toutes les valeurs que peut prendre S sont suppos&eacute;es par une personne.</p>\r\n\r\n<p>&nbsp;</p>\r\n\r\n<p>En r&eacute;sum&eacute; : chaque personne re&ccedil;oit un nombre k, calcule S<sub>i</sub> &eacute;gal &agrave; la somme des chapeaux visibles, puis annonce k - S<sub>i</sub> (modulo N).</p>\r\n\r\n<p><em>NB : comme nous sommes dans le cas d&#39;un modulo, il peut s&#39;av&eacute;rer possible que :</em></p>\r\n\r\n<p><em>S<sub>i</sub> &gt; k</em></p>\r\n\r\n<p><em>Dans ce cas l&agrave;, il ne faut pas annoncer k - S<sub>i</sub>, puisqu&#39;on aurait un r&eacute;sultat n&eacute;gatif. Il faut annoncer k + N - S<sub>i</sub>.</em></p>\r\n\r\n<p>&nbsp;</p>\r\n\r\n<p>Pour que ce soit bien clair, voici un exemple :</p>\r\n\r\n<p>Prenons le cas o&ugrave; il y a 4 personnes. Elles portent des chapeaux num&eacute;rot&eacute;s. Voici la distribution des chapeaux :</p>\r\n\r\n<table border=\"1\" cellpadding=\"1\" cellspacing=\"1\" style=\"width:500px\">\r\n	<tbody>\r\n		<tr>\r\n			<td>Personne</td>\r\n			<td>Chapeaux</td>\r\n		</tr>\r\n		<tr>\r\n			<td>0</td>\r\n			<td>3</td>\r\n		</tr>\r\n		<tr>\r\n			<td>1</td>\r\n			<td>2</td>\r\n		</tr>\r\n		<tr>\r\n			<td>2</td>\r\n			<td>3</td>\r\n		</tr>\r\n		<tr>\r\n			<td>3</td>\r\n			<td>1</td>\r\n		</tr>\r\n	</tbody>\r\n</table>\r\n\r\n<p>&nbsp;</p>\r\n\r\n<p>La personne 0 va supposer que la somme des chapeaux modulo 4 vaut 0. Elle calcule la somme des chapeaux visibles : 2+3+1 = 6.</p>\r\n\r\n<p>S<sub>i</sub> = 6 (mod 4)</p>\r\n\r\n<p>Donc :</p>\r\n\r\n<p>S<sub>i</sub> = 2 (mod 4)</p>\r\n\r\n<p>Elle doit donc annoncer k - S<sub>i</sub>, soit 0 - 2. On se trouve exactement dans le cas k &lt; S<sub>i</sub>. Donc au lieu d&#39;annoncer -2, elle annonce k - S<sub>i</sub> + N, soit 0 - 2 + 4, &agrave; savoir 2.</p>\r\n\r\n<p>&nbsp;</p>\r\n\r\n<p>Passons cette fois &agrave; la personne 1. La somme visible est 3+3+1 = 7.</p>\r\n\r\n<p>S<sub>i</sub> = 3 (mod 4)</p>\r\n\r\n<p>Elle annonce k - S<sub>i</sub> + N, soit 1 - 3 + 4 = 2.</p>\r\n\r\n<p>La personne 1 a vu juste !</p>\r\n\r\n<p>&nbsp;</p>\r\n\r\n<p>&nbsp;</p>\r\n',5);
/*!40000 ALTER TABLE `blog_articleproposition` ENABLE KEYS */;
UNLOCK TABLES;

--
-- Table structure for table `blog_articleproposition_categorie`
--

DROP TABLE IF EXISTS `blog_articleproposition_categorie`;
/*!40101 SET @saved_cs_client     = @@character_set_client */;
/*!40101 SET character_set_client = utf8 */;
CREATE TABLE `blog_articleproposition_categorie` (
  `id` int(11) NOT NULL AUTO_INCREMENT,
  `articleproposition_id` int(11) NOT NULL,
  `categorie_id` int(11) NOT NULL,
  PRIMARY KEY (`id`),
  UNIQUE KEY `blog_articleproposition_cate_articleproposition_id_50a74e5f_uniq` (`articleproposition_id`,`categorie_id`),
  KEY `blog_articlepropositi_categorie_id_fc0e9eef_fk_blog_categorie_id` (`categorie_id`),
  CONSTRAINT `blog_articlepropositi_categorie_id_fc0e9eef_fk_blog_categorie_id` FOREIGN KEY (`categorie_id`) REFERENCES `blog_categorie` (`id`),
  CONSTRAINT `blo_articleproposition_id_a67d83b4_fk_blog_articleproposition_id` FOREIGN KEY (`articleproposition_id`) REFERENCES `blog_articleproposition` (`id`)
) ENGINE=InnoDB AUTO_INCREMENT=2 DEFAULT CHARSET=utf8;
/*!40101 SET character_set_client = @saved_cs_client */;

--
-- Dumping data for table `blog_articleproposition_categorie`
--

LOCK TABLES `blog_articleproposition_categorie` WRITE;
/*!40000 ALTER TABLE `blog_articleproposition_categorie` DISABLE KEYS */;
INSERT INTO `blog_articleproposition_categorie` VALUES (1,1,1);
/*!40000 ALTER TABLE `blog_articleproposition_categorie` ENABLE KEYS */;
UNLOCK TABLES;

--
-- Table structure for table `blog_categorie`
--

DROP TABLE IF EXISTS `blog_categorie`;
/*!40101 SET @saved_cs_client     = @@character_set_client */;
/*!40101 SET character_set_client = utf8 */;
CREATE TABLE `blog_categorie` (
  `id` int(11) NOT NULL AUTO_INCREMENT,
  `nom` varchar(30) NOT NULL,
  `couleur` varchar(30) NOT NULL,
  PRIMARY KEY (`id`)
) ENGINE=InnoDB AUTO_INCREMENT=8 DEFAULT CHARSET=utf8;
/*!40101 SET character_set_client = @saved_cs_client */;

--
-- Dumping data for table `blog_categorie`
--

LOCK TABLES `blog_categorie` WRITE;
/*!40000 ALTER TABLE `blog_categorie` DISABLE KEYS */;
INSERT INTO `blog_categorie` VALUES (1,'\"Maths\"','rgb(255,188,121)'),(2,'Algorithmique','rgb(192,255,248)'),(5,'Developpement','rgb(218,151,143)'),(6,'Systeme','rgb(200,200,200)'),(7,'Divers','rgb(213,150,235)');
/*!40000 ALTER TABLE `blog_categorie` ENABLE KEYS */;
UNLOCK TABLES;

--
-- Table structure for table `blog_message`
--

DROP TABLE IF EXISTS `blog_message`;
/*!40101 SET @saved_cs_client     = @@character_set_client */;
/*!40101 SET character_set_client = utf8 */;
CREATE TABLE `blog_message` (
  `id` int(11) NOT NULL AUTO_INCREMENT,
  `date` datetime NOT NULL,
  `publie` tinyint(1) NOT NULL,
  `contenu` longtext NOT NULL,
  `article_id` int(11) NOT NULL,
  `auteur_id` int(11) NOT NULL,
  PRIMARY KEY (`id`),
  KEY `blog_message_article_id_f27e3922_fk_blog_article_id` (`article_id`),
  KEY `blog_message_auteur_id_615e7e74_fk_auth_user_id` (`auteur_id`),
  CONSTRAINT `blog_message_article_id_f27e3922_fk_blog_article_id` FOREIGN KEY (`article_id`) REFERENCES `blog_article` (`id`),
  CONSTRAINT `blog_message_auteur_id_615e7e74_fk_auth_user_id` FOREIGN KEY (`auteur_id`) REFERENCES `auth_user` (`id`)
) ENGINE=InnoDB AUTO_INCREMENT=12 DEFAULT CHARSET=utf8;
/*!40101 SET character_set_client = @saved_cs_client */;

--
-- Dumping data for table `blog_message`
--

LOCK TABLES `blog_message` WRITE;
/*!40000 ALTER TABLE `blog_message` DISABLE KEYS */;
INSERT INTO `blog_message` VALUES (4,'2016-01-11 10:08:37',1,'Cet article est vraiment bien',9,4),(7,'2016-01-17 17:16:52',1,'Dis moi, dis moi, grand-père Vulgaire Développeur, ça veut dire quoi PLS ?',11,7),(8,'2016-01-17 17:16:52',1,'\"Position Latérale de Sécurité\". C\'est la position dans laquelle on met quelqu\'un quand il fait un malaise :)',11,2),(10,'2016-01-29 17:16:52',1,'J\'attends avec impatience l\'algorithme pour résoudre le problème des lettres!',11,5),(11,'2016-02-02 12:28:46',1,'Wow. Merci pour le schéma de l\'escalier! Grâce à vous je connais désormais le profil d\'un escalier !  :D',14,5);
/*!40000 ALTER TABLE `blog_message` ENABLE KEYS */;
UNLOCK TABLES;

--
-- Table structure for table `captcha_captchastore`
--

DROP TABLE IF EXISTS `captcha_captchastore`;
/*!40101 SET @saved_cs_client     = @@character_set_client */;
/*!40101 SET character_set_client = utf8 */;
CREATE TABLE `captcha_captchastore` (
  `id` int(11) NOT NULL AUTO_INCREMENT,
  `challenge` varchar(32) NOT NULL,
  `response` varchar(32) NOT NULL,
  `hashkey` varchar(40) NOT NULL,
  `expiration` datetime NOT NULL,
  PRIMARY KEY (`id`),
  UNIQUE KEY `hashkey` (`hashkey`)
) ENGINE=InnoDB AUTO_INCREMENT=4918 DEFAULT CHARSET=utf8;
/*!40101 SET character_set_client = @saved_cs_client */;

--
-- Dumping data for table `captcha_captchastore`
--

LOCK TABLES `captcha_captchastore` WRITE;
/*!40000 ALTER TABLE `captcha_captchastore` DISABLE KEYS */;
INSERT INTO `captcha_captchastore` VALUES (4866,'TBHQ','tbhq','23826f6b2d2343cdef8705b75482dea8eaa684fa','2017-04-06 08:17:02'),(4867,'QSAY','qsay','af2a88c73f439e369d137f2d7ff8c03c146e1cba','2017-04-06 08:17:03'),(4868,'ITKL','itkl','e767575771c9ddad686204dbbd68e91e94446d89','2017-04-07 02:56:55'),(4869,'WPRN','wprn','9ef1bb72694914e9e9e359d71c26ff7d5ba26a7c','2017-04-07 05:53:26'),(4870,'JRUJ','jruj','2fa979cb710418880a0bf8793bf46615ff691ac0','2017-04-07 10:28:47'),(4871,'IVXL','ivxl','049eff20174c51079b86c4bf96db538b8ce46453','2017-04-07 22:25:59'),(4872,'UARW','uarw','5481149d35303908d7626f03d6d3f2d82db25b0c','2017-04-08 01:13:35'),(4873,'FNJB','fnjb','db68d60eaba9bb154b23be26ab606ae67dd47e18','2017-04-08 04:31:03'),(4874,'MIAI','miai','70b9acbcf6743ff348ad6230d493e69dcd452b88','2017-04-08 23:03:09'),(4875,'LWUT','lwut','de81bbc8bb5ba7a4c20c52154df38d5190dc5ad3','2017-04-09 08:53:39'),(4876,'GWAM','gwam','04cf7cbd5c0fcab9606f5d11ca5fa654739d9f68','2017-04-09 18:58:12'),(4877,'AUXU','auxu','ddcda3253e2712d2cf753a4562a513614bc46f42','2017-04-10 08:41:53'),(4878,'UWHB','uwhb','31e58c19d5c33aaf9f8c9f4f6facff9c62f48872','2017-04-10 14:32:47'),(4879,'PYWD','pywd','d5c20ade4921e1012cb733be019b6ef7017a42b4','2017-04-10 15:09:58'),(4880,'CSHX','cshx','4197f448e65f79baa07d76506f952a2bfb7bc2d3','2017-04-11 05:52:05'),(4881,'FROF','frof','254149ab5696187590ea29e867c3312a46da4b80','2017-04-11 20:17:07'),(4882,'BPTH','bpth','55a3337faf3994a326cc07a9be7deb086420c163','2017-04-12 19:35:19'),(4883,'GIOU','giou','3ecaa1c7e903257cce9065d2c64e2d4cd4010653','2017-04-13 00:48:42'),(4884,'OJYD','ojyd','292a466ea448af7b9549ba6a15299b9056ff7f5a','2017-04-14 09:50:28'),(4885,'QKVE','qkve','221037a6c51d3a15d20cfab53b5d97526ba0b66f','2017-04-15 07:49:32'),(4886,'OWGH','owgh','3b85545d7f5976295ad95c6a0d0abce3a218b29d','2017-04-15 12:59:20'),(4887,'XUSG','xusg','6be9e48b0e8b3f95b0dfd0b2e4cc6122485de452','2017-04-16 11:17:26'),(4888,'CJXM','cjxm','48f716ae34471bf791c6d4af0238abeb86f18203','2017-04-16 14:57:01'),(4889,'DYIT','dyit','103ddef8ca656d50fa2b7e5a8bdab643c825913e','2017-04-17 23:10:17'),(4890,'SOVJ','sovj','ec036f365d52793d7ec2f0ccbc86e7f9c4e8bde5','2017-04-18 02:15:37'),(4891,'KSGU','ksgu','a22ce09638205b12e08896474056a9299822969e','2017-04-18 02:47:45'),(4892,'DTRG','dtrg','6001e77a8dd7ff55dc7dfe2ef519a7d44b9b3400','2017-04-18 09:53:31'),(4893,'RYWX','rywx','3d018d043be533713ec25d909ffaa64c9e9d8034','2017-04-18 11:21:40'),(4894,'HFPP','hfpp','20f51ea252b1b471d0e021c9fffc1de3c03bec0c','2017-04-18 14:49:27'),(4895,'VAPU','vapu','2c3745aa57418abf5efcced226f6dac7e661774a','2017-04-18 22:17:30'),(4896,'MZVS','mzvs','1a72fe5c6775e37f84fb2b89c356c24adf4394f5','2017-04-18 22:43:46'),(4897,'HRVT','hrvt','2ce33bb7e849ddae7541820ae6dbf4ee4e0fc8d4','2017-04-19 16:56:42'),(4898,'SSFC','ssfc','82ac26d49d1bf265711dae7fd238eed624913b40','2017-04-20 15:52:08'),(4899,'UVWV','uvwv','da8fe4f2d4f8c28a1dbabdef309282d166002169','2017-04-21 02:31:08'),(4900,'RFAZ','rfaz','17cbf3bbb0137b08599ea0484600b11ce87928b3','2017-04-21 04:37:10'),(4901,'TKCN','tkcn','42894eb51316dadb3593a26112b2414845cac5a2','2017-04-22 21:09:21'),(4902,'NJTN','njtn','345a7fa66c89a1ff4ee488d1665e983928165471','2017-04-22 23:29:30'),(4903,'CXNS','cxns','60517475ccdb4911f75ad2d3ce646e52ce869a87','2017-04-23 09:07:00'),(4904,'RIAF','riaf','794c63f486c24e0f34c2fa7d4a81b981a6897ca0','2017-04-23 14:21:29'),(4905,'PWNW','pwnw','99ed597e9720c446cd496e198f34fc56bb87e2c5','2017-04-23 14:23:49'),(4906,'MSJU','msju','8ccf02b6f8a3ae8089a6fc6cc8a85e40f21ecd5d','2017-04-25 20:26:08'),(4907,'MQQF','mqqf','e358fb19ba131cd6eb2eef03cfa0dbb12ad4f77d','2017-04-26 05:26:04'),(4908,'XWYJ','xwyj','a4d0a766fda3dab2325c6a1c845398d2825ee7de','2017-04-26 17:34:48'),(4909,'VLXC','vlxc','4c8de6c535e2feb87830a97702cac56ee43d48fb','2017-04-27 03:47:27'),(4910,'DUMX','dumx','4417e5e0c1150675f33271d71f9293a25c19d925','2017-04-27 04:43:25'),(4911,'QTHY','qthy','36ffc47304b0e7e9838051fbde9de4bce2a318f5','2017-04-27 14:54:36'),(4912,'UVUO','uvuo','18e6d95c43af5144682e551f6611cce1e54b811f','2017-04-28 04:39:27'),(4913,'DDAU','ddau','d987e5e47e8e418e7ef3cd6ea97c19578de09d42','2017-04-28 14:28:20'),(4914,'NUWH','nuwh','01b30efc614fc61f4ef3d373bbb5ea7ed5abae57','2017-04-29 01:28:55'),(4915,'NRCP','nrcp','5fc932c0bcb3aa10c7ae63fece1c4303fefb12a8','2017-04-29 07:26:24'),(4916,'JTQK','jtqk','9436e366100d2577a11e47b0b1477abbafaaa462','2017-04-30 04:02:18'),(4917,'DTRT','dtrt','e99f6b6f066a3243b356de190fe9cc8d08fd8db6','2017-04-30 10:58:50');
/*!40000 ALTER TABLE `captcha_captchastore` ENABLE KEYS */;
UNLOCK TABLES;

--
-- Table structure for table `django_admin_log`
--

DROP TABLE IF EXISTS `django_admin_log`;
/*!40101 SET @saved_cs_client     = @@character_set_client */;
/*!40101 SET character_set_client = utf8 */;
CREATE TABLE `django_admin_log` (
  `id` int(11) NOT NULL AUTO_INCREMENT,
  `action_time` datetime NOT NULL,
  `object_id` longtext,
  `object_repr` varchar(200) NOT NULL,
  `action_flag` smallint(5) unsigned NOT NULL,
  `change_message` longtext NOT NULL,
  `content_type_id` int(11) DEFAULT NULL,
  `user_id` int(11) NOT NULL,
  PRIMARY KEY (`id`),
  KEY `django_admin__content_type_id_c4bce8eb_fk_django_content_type_id` (`content_type_id`),
  KEY `django_admin_log_user_id_c564eba6_fk_auth_user_id` (`user_id`),
  CONSTRAINT `django_admin_log_user_id_c564eba6_fk_auth_user_id` FOREIGN KEY (`user_id`) REFERENCES `auth_user` (`id`),
  CONSTRAINT `django_admin__content_type_id_c4bce8eb_fk_django_content_type_id` FOREIGN KEY (`content_type_id`) REFERENCES `django_content_type` (`id`)
) ENGINE=InnoDB AUTO_INCREMENT=276 DEFAULT CHARSET=utf8;
/*!40101 SET character_set_client = @saved_cs_client */;

--
-- Dumping data for table `django_admin_log`
--

LOCK TABLES `django_admin_log` WRITE;
/*!40000 ALTER TABLE `django_admin_log` DISABLE KEYS */;
INSERT INTO `django_admin_log` VALUES (1,'2016-01-10 13:20:59','5','pow(2,n) | 2 << n',1,'Ajout.',7,1),(2,'2016-01-10 13:21:50','6','Combat de Poule',1,'Ajout.',7,1),(3,'2016-01-10 13:24:01','7','Tuto: déploiement d\'un projet Django',1,'Ajout.',7,1),(4,'2016-01-10 13:25:07','8','Proposition d\'articles',1,'Ajout.',7,1),(5,'2016-01-10 13:25:53','9','L\'utilisation des opérateurs bit à bit',1,'Ajout.',7,1),(6,'2016-01-10 13:26:32','10','Des commentaires',1,'Ajout.',7,1),(7,'2016-01-10 13:29:53','10','Des commentaires',2,'Modification de preview, contenu et publie.',7,1),(8,'2016-01-10 13:30:20','1','Ca marche :)',2,'Modification de publie.',10,1),(9,'2016-01-10 13:31:04','10','Des commentaires',2,'Modification de publie.',7,1),(10,'2016-01-10 13:32:32','10','Des commentaires',2,'Modification de publie.',7,1),(11,'2016-01-10 13:32:58','10','Des commentaires',2,'Modification de publie.',7,1),(12,'2016-01-10 13:35:36','10','Des commentaires',2,'Modification de publie.',7,1),(13,'2016-01-10 13:42:26','5','pow(2,n) | 2 << n',2,'Modification de date.',7,1),(14,'2016-01-10 13:42:52','6','Combat de Poule',2,'Modification de date.',7,1),(15,'2016-01-10 13:43:15','7','Tuto: déploiement d\'un projet Django',2,'Modification de date.',7,1),(16,'2016-01-10 13:43:41','8','Proposition d\'articles',2,'Modification de date.',7,1),(17,'2016-01-10 13:44:23','9','L\'utilisation des opérateurs bit à bit',2,'Modification de date.',7,1),(18,'2016-01-10 13:44:54','7','Tuto: déploiement d\'un projet Django',2,'Modification de date.',7,1),(19,'2016-01-10 14:22:21','2','*Ça',2,'Aucun champ modifié.',10,1),(20,'2016-01-10 14:22:26','2','*Ça',2,'Modification de publie.',10,1),(21,'2016-01-10 14:22:35','3','*Ça',3,'',10,1),(22,'2016-01-10 14:23:42','1','Ca marche :)',2,'Modification de auteur.',10,1),(23,'2016-01-10 14:31:16','1','Ça marche :)',2,'Modification de contenu.',10,1),(24,'2016-01-10 14:31:22','2','*Ça',3,'',10,1),(25,'2016-01-11 10:16:03','4','Cet article est vraiment bien',2,'Modification de publie.',10,1),(26,'2016-01-11 10:21:39','9','L\'utilisation des opérateurs bit à bit',2,'Modification de auteur.',7,1),(27,'2016-01-11 18:37:03','11','Des chiffres',1,'Ajout.',7,1),(28,'2016-01-11 18:46:03','11','Les chiffres',2,'Modification de titre, slug et contenu.',7,1),(29,'2016-01-12 09:07:25','1','test',3,'',8,1),(30,'2016-01-12 09:13:21','5','GG. Tu peux modérer les commentaires? Supprime le suivant :',3,'',10,1),(31,'2016-01-12 09:13:27','6','Yolo. #todelete #challenge #troll',2,'Modification de publie.',10,1),(32,'2016-01-12 09:13:54','6','Yolo. #todelete #challenge #troll',3,'',10,1),(33,'2016-01-13 14:27:04','11','Les chiffres',2,'Modification de contenu.',7,1),(34,'2016-01-13 15:27:20','11','Les chiffres',2,'Modification de contenu.',7,1),(35,'2016-01-16 20:00:23','11','Les chiffres',2,'Modification de contenu.',7,1),(36,'2016-01-17 17:04:29','11','Les Chiffres',2,'Modification de titre.',7,1),(37,'2016-01-17 17:18:18','11','Les Chiffres',2,'Modification de publie.',7,1),(38,'2016-01-17 17:27:52','11','Les Chiffres',2,'Modification de contenu.',7,1),(39,'2016-01-17 17:29:54','11','Les Chiffres',2,'Modification de contenu.',7,1),(40,'2016-01-17 17:30:36','11','Les Chiffres',2,'Modification de contenu.',7,1),(41,'2016-01-17 17:31:05','11','Les Chiffres',2,'Modification de contenu.',7,1),(42,'2016-01-17 17:31:32','11','Les Chiffres',2,'Modification de contenu.',7,1),(43,'2016-01-17 17:31:53','11','Les Chiffres',2,'Modification de contenu.',7,1),(44,'2016-01-17 17:36:16','11','Les Chiffres',2,'Modification de contenu.',7,1),(45,'2016-01-17 17:58:54','7','Dis moi, dis moi, grand-père Vulgaire Développeur, ça veut dire quoi PLS ?',2,'Modification de publie.',10,1),(46,'2016-01-17 18:01:59','8','\"Position Latérale de Sécurité\". C\'est la position dans laquelle on met quelqu\'un quand il fait un malaise :)',2,'Modification de publie.',10,1),(47,'2016-01-17 18:15:29','11','Les Chiffres',2,'Modification de contenu.',7,1),(48,'2016-01-17 21:39:55','2','Algorithmique',2,'Modification de nom.',9,1),(49,'2016-01-18 09:36:40','11','Les Chiffres',2,'Modification de preview.',7,1),(50,'2016-01-18 09:38:31','8','\"Position Latérale de Sécurité\". C\'est la position dans laquelle on met quelqu\'un quand il fait un malaise :)',2,'Modification de auteur.',10,1),(51,'2016-01-18 09:58:31','11','Les Chiffres',2,'Modification de contenu.',7,1),(52,'2016-01-18 10:07:14','9','le \"+\", le \"-\" et le \"*\" sont commutatifs\r\nJe savais pas que 5 - 2 == 2 - 5 ...',3,'',10,1),(53,'2016-01-18 10:13:37','11','Les Chiffres',2,'Modification de contenu.',7,1),(54,'2016-01-27 09:54:03','7','Tuto: déploiement d\'un projet Django',2,'Modification de contenu.',7,1),(55,'2016-01-29 17:19:52','10','J\'attends avec impatience l\'algorithme pour résoudre le problème des lettres!',2,'Modification de publie.',10,1),(56,'2016-01-29 17:23:30','11','Les Chiffres',2,'Modification de contenu.',7,1),(57,'2016-01-29 17:25:48','10','J\'attends avec impatience l\'algorithme pour résoudre le problème des lettres!',2,'Modification de date.',10,1),(58,'2016-01-30 09:45:23','11','Beautiful',3,'',10,1),(59,'2016-01-30 10:11:30','12','test',3,'',10,1),(60,'2016-01-30 10:18:35','10','Des commentaires',2,'Modification de contenu.',7,1),(61,'2016-01-30 10:27:44','13','Test final',3,'',10,1),(62,'2016-01-30 15:54:27','12','sf',1,'Ajout.',7,1),(63,'2016-01-30 17:48:08','12','sf',3,'',7,1),(64,'2016-01-30 17:48:23','13','sf',1,'Ajout.',7,1),(65,'2016-02-01 17:06:48','13','sf',3,'',7,1),(66,'2016-02-01 17:17:45','14','Monter les escaliers',1,'Ajout.',7,1),(67,'2016-02-01 18:15:30','14','Monter les escaliers',2,'Modification de contenu.',7,1),(68,'2016-02-01 18:39:35','14','Monter les escaliers',2,'Modification de contenu.',7,1),(69,'2016-02-01 19:36:37','14','Monter les escaliers',2,'Modification de contenu, publie et date.',7,1),(70,'2016-02-01 19:37:14','14','Monter les escaliers',2,'Modification de preview.',7,1),(71,'2016-02-01 19:38:41','14','Monter les escaliers',2,'Modification de contenu.',7,1),(72,'2016-02-01 19:39:50','14','Monter les escaliers',2,'Modification de contenu.',7,1),(73,'2016-02-01 19:41:26','14','Monter les escaliers',2,'Modification de contenu.',7,1),(74,'2016-02-01 19:42:16','14','Monter les escaliers',2,'Modification de contenu.',7,1),(75,'2016-02-01 19:42:47','15','test',1,'Ajout.',7,1),(76,'2016-02-01 19:43:06','15','test',3,'',7,1),(77,'2016-02-01 19:43:46','14','Monter les escaliers',2,'Modification de contenu.',7,1),(78,'2016-02-01 21:17:29','14','Monter les escaliers',2,'Modification de contenu.',7,1),(79,'2016-02-01 21:20:33','14','Monter les escaliers',2,'Modification de contenu.',7,1),(80,'2016-02-02 12:35:51','11','Wow. Merci pour le schéma de l\'escalier! Grâce à vous je connais désormais le profil d\'un escalier !  :D',2,'Modification de publie.',10,1),(81,'2016-02-02 14:55:39','14','Monter les escaliers',2,'Modification de contenu.',7,1),(82,'2016-02-06 17:03:12','16','Somme maximale nombres consécutifs',1,'Ajout.',7,1),(83,'2016-02-06 19:35:27','16','La Somme maximale de nombres consécutifs dans un tableau',2,'Modification de titre, contenu et publie.',7,1),(84,'2016-02-06 19:38:08','16','La Somme maximale de nombres consécutifs dans un tableau',2,'Modification de contenu.',7,1),(85,'2016-02-08 12:13:06','17','Nombre de zones dans ce cercle ?',1,'Ajout.',7,1),(86,'2016-02-08 13:45:20','16','La Somme maximale de nombres consécutifs dans un tableau',2,'Modification de publie.',7,1),(87,'2016-02-08 17:05:32','16','La Somme maximale de nombres consécutifs dans un tableau',2,'Modification de contenu.',7,1),(88,'2016-02-08 20:16:06','5','pow(2,n) | 2 << n',2,'Modification de contenu.',7,1),(89,'2016-02-08 20:16:41','6','Combat de Poule',2,'Modification de contenu.',7,1),(90,'2016-02-08 20:18:25','11','Les Chiffres',2,'Modification de contenu.',7,1),(91,'2016-02-08 20:25:47','14','Monter les escaliers',2,'Modification de preview et contenu.',7,1),(92,'2016-02-08 20:27:20','14','Monter les escaliers',2,'Modification de contenu.',7,1),(93,'2016-02-08 20:28:27','16','La Somme maximale de nombres consécutifs dans un tableau',2,'Modification de contenu.',7,1),(94,'2016-02-08 20:32:23','9','L\'utilisation des opérateurs bit à bit',2,'Modification de contenu.',7,1),(95,'2016-02-08 20:33:08','7','Tuto: déploiement d\'un projet Django',2,'Modification de contenu.',7,1),(96,'2016-02-08 20:45:29','7','Tuto: déploiement d\'un projet Django',2,'Modification de contenu.',7,1),(97,'2016-02-08 20:48:28','14','Monter les escaliers',2,'Modification de preview.',7,1),(98,'2016-02-08 20:48:40','14','Monter les escaliers',2,'Aucun champ modifié.',7,1),(99,'2016-02-08 20:48:54','14','Monter les escaliers',2,'Modification de preview.',7,1),(100,'2016-02-08 20:50:31','8','Proposition d\'articles',2,'Aucun champ modifié.',7,1),(101,'2016-02-08 20:53:51','16','La somme maximale de nombres consécutifs dans un tableau',2,'Modification de titre.',7,1),(102,'2016-02-08 21:14:16','16','La somme maximale de nombres consécutifs dans un tableau',2,'Modification de contenu et publie.',7,1),(103,'2016-02-10 10:45:03','16','La somme maximale de nombres consécutifs dans un tableau',2,'Modification de contenu.',7,1),(104,'2016-02-10 10:45:46','16','La somme maximale de nombres consécutifs dans un tableau',2,'Modification de contenu.',7,1),(105,'2016-02-10 10:46:18','16','La somme maximale de nombres consécutifs dans un tableau',2,'Modification de contenu.',7,1),(106,'2016-02-15 17:48:05','17','Combien de zones dans ce cercle ?',2,'Modification de titre, preview et contenu.',7,1),(107,'2016-02-18 21:18:49','1','adminVulgaireDev',2,'Modifié password.',4,1),(108,'2016-02-20 18:40:35','17','Combien de zones dans ce cercle ?',2,'Modifié preview et contenu.',7,1),(109,'2016-02-20 18:54:16','17','Combien de zones dans ce cercle ?',2,'Modifié contenu.',7,1),(110,'2016-02-20 21:57:19','17','Combien de zones dans ce cercle ?',2,'Modifié contenu.',7,1),(111,'2016-02-22 16:38:36','17','Combien de zones dans ce cercle ?',2,'Modifié contenu.',7,1),(112,'2016-02-22 17:12:08','17','Combien de zones dans ce cercle ?',2,'Modifié contenu et publie.',7,1),(113,'2016-02-22 17:13:16','17','Combien de zones dans ce cercle ?',2,'Modifié contenu.',7,1),(114,'2016-02-22 17:14:26','17','Combien de zones dans ce cercle ?',2,'Modifié contenu.',7,1),(115,'2016-02-22 17:25:44','17','Combien de zones dans ce cercle ?',2,'Modifié contenu.',7,1),(116,'2016-02-22 17:27:20','17','Combien de zones dans ce cercle ?',2,'Modifié slug.',7,1),(117,'2016-02-26 15:38:25','12','cool',3,'',10,1),(118,'2016-02-26 16:08:04','18','Tri en python',1,'',7,1),(119,'2016-02-26 16:09:32','18','Tri en python',2,'Modifié contenu.',7,1),(120,'2016-02-29 15:15:54','18','Tri en python',2,'Modifié contenu.',7,1),(121,'2016-03-12 21:06:44','17','Combien de zones dans ce cercle ?',2,'Modifié contenu.',7,1),(122,'2016-03-12 21:07:15','2','VulgaireDev',2,'Modifié username.',4,1),(123,'2016-03-13 17:52:35','18','Tri en python',2,'Modifié contenu.',7,1),(124,'2016-03-13 17:57:27','10','Des commentaires',2,'Modifié preview et contenu.',7,1),(125,'2016-03-14 15:48:31','2','Algorithmique',2,'Modifié couleur.',9,1),(126,'2016-03-14 15:48:50','2','Algorithmique',2,'Modifié couleur.',9,1),(127,'2016-03-20 16:13:03','17','Combien de zones dans ce cercle ?',2,'Modifié contenu.',7,1),(128,'2016-03-24 21:17:25','19','Atteindre notre score visé au foot',1,'',7,1),(129,'2016-03-24 21:31:04','19','Atteindre notre score visé au foot',2,'Modifié contenu.',7,1),(130,'2016-03-24 21:33:47','19','Atteindre notre score visé au foot',2,'Aucun champ modifié.',7,1),(131,'2016-03-24 21:33:55','19','Atteindre notre score visé au foot',2,'Modifié publie.',7,1),(132,'2016-03-25 10:35:28','19','Atteindre un score visé au foot',2,'Modifié titre.',7,1),(133,'2016-03-26 09:40:38','19','Atteindre un score visé au foot',2,'Modifié contenu.',7,1),(134,'2016-03-26 10:00:28','19','Atteindre un score visé au foot',2,'Modifié contenu.',7,1),(135,'2016-03-26 17:48:47','18','Tri en python',2,'Modifié contenu.',7,1),(136,'2016-03-26 17:56:34','19','Atteindre un score visé au foot',2,'Modifié contenu, publie et date.',7,1),(137,'2016-03-26 17:57:31','19','Atteindre un score visé au foot',2,'Modifié contenu.',7,1),(138,'2016-03-28 16:15:48','20','Algo : le trajet le plus rentable',1,'',7,1),(139,'2016-03-28 16:27:43','20','Algo : le trajet le plus rentable',2,'Modifié contenu.',7,1),(140,'2016-03-28 17:03:29','20','Algo : le trajet le plus rentable',2,'Modifié contenu.',7,1),(141,'2016-03-28 17:26:09','20','Algo : le trajet le plus rentable',2,'Modifié contenu, publie et date.',7,1),(142,'2016-03-28 17:27:36','20','Le trajet le plus rentable',2,'Modifié titre et contenu.',7,1),(143,'2016-03-29 14:12:17','19','Atteindre un score visé au foot',2,'Modifié contenu.',7,1),(144,'2016-04-17 21:03:43','21','Enigme: La bouteille empoisonnée',1,'',7,1),(145,'2016-04-17 21:49:43','21','Enigme: La bouteille empoisonnée',2,'Modifié contenu.',7,1),(146,'2016-04-17 22:12:32','21','Enigme: La bouteille empoisonnée',2,'Modifié contenu.',7,1),(147,'2016-04-17 22:12:39','21','Enigme: La bouteille empoisonnée',2,'Modifié publie et date.',7,1),(148,'2016-04-17 22:13:42','21','Enigme: La bouteille empoisonnée',2,'Modifié contenu.',7,1),(149,'2016-04-17 22:18:06','21','Enigme: La bouteille empoisonnée',2,'Modifié contenu.',7,1),(150,'2016-04-17 22:19:04','21','Enigme: La bouteille empoisonnée',2,'Modifié contenu.',7,1),(151,'2016-04-17 22:22:07','21','Enigme: La bouteille empoisonnée',2,'Modifié contenu.',7,1),(152,'2016-04-17 22:22:58','21','Enigme: La bouteille empoisonnée',2,'Modifié contenu.',7,1),(153,'2016-04-17 22:24:47','21','Enigme: La bouteille empoisonnée',2,'Modifié contenu.',7,1),(154,'2016-04-17 22:26:10','21','Enigme: La bouteille empoisonnée',2,'Modifié contenu.',7,1),(155,'2016-04-18 09:15:56','21','Enigme: La bouteille empoisonnée',2,'Modifié contenu.',7,1),(156,'2016-05-08 12:53:49','14','Monter les escaliers',2,'Modifié preview et contenu.',7,1),(157,'2016-05-08 12:55:56','17','Combien de zones dans ce cercle ?',2,'Modifié preview et contenu.',7,1),(158,'2016-05-08 12:58:26','6','Combat de Poule',2,'Modifié preview et contenu.',7,1),(159,'2016-05-09 10:52:51','20','Le trajet le plus rentable',2,'Modifié preview et contenu.',7,1),(160,'2016-05-09 15:59:41','22','Enigme: La ronde des chapeaux',2,'Modifié slug, preview, publie et categorie.',7,1),(161,'2016-05-09 15:59:59','22','Enigme: La ronde des chapeaux',2,'Modifié preview.',7,1),(162,'2016-05-09 16:00:25','22','Enigme: La ronde des chapeaux',2,'Modifié preview.',7,1),(163,'2016-05-09 16:01:58','22','Enigme: La ronde des chapeaux',2,'Modifié contenu.',7,1),(164,'2016-05-10 10:55:46','22','Enigme: La ronde des chapeaux',2,'Modifié contenu.',7,1),(165,'2016-05-10 11:44:12','22','Enigme: La ronde des chapeaux',2,'Modifié contenu.',7,1),(166,'2016-05-13 08:18:55','20','Le trajet le plus rentable',2,'Modifié contenu.',7,1),(167,'2016-05-14 08:57:17','20','Le trajet le plus rentable',2,'Modifié contenu.',7,1),(168,'2016-05-14 08:59:16','17','Combien de zones dans ce cercle ?',2,'Modifié contenu.',7,1),(169,'2016-05-14 08:59:54','21','Enigme: La bouteille empoisonnée',2,'Modifié contenu.',7,1),(170,'2016-05-18 13:26:46','23','Initiation React JS et Semantic UI',1,'',7,1),(171,'2016-05-18 13:26:54','23','Initiation React JS + Semantic UI',2,'Modifié titre.',7,1),(172,'2016-05-18 13:50:24','23','Initiation React JS + Semantic UI',2,'Modifié contenu.',7,1),(173,'2016-05-18 14:19:04','23','Initiation React JS + Semantic UI',2,'Modifié contenu.',7,1),(174,'2016-05-18 14:31:18','23','Initiation React JS + Semantic UI',2,'Modifié contenu.',7,1),(175,'2016-05-18 14:44:51','23','Initiation React JS + Semantic UI',2,'Modifié contenu.',7,1),(176,'2016-05-18 15:10:07','23','Initiation React JS + Semantic UI',2,'Modifié contenu.',7,1),(177,'2016-05-18 15:10:13','23','Initiation React JS + Semantic UI',2,'Modifié publie.',7,1),(178,'2016-05-18 15:10:35','23','Initiation React JS + Semantic UI',2,'Aucun champ modifié.',7,1),(179,'2016-05-18 15:13:20','23','Initiation React JS + Semantic UI',2,'Modifié publie.',7,1),(180,'2016-05-20 08:11:43','23','Initiation React JS + Semantic UI',2,'Modifié contenu.',7,1),(181,'2016-05-20 08:55:04','23','Initiation React JS + Semantic UI',2,'Modifié contenu.',7,1),(182,'2016-05-20 08:59:41','23','Initiation React JS + Semantic UI',2,'Modifié contenu et publie.',7,1),(183,'2016-05-20 09:00:17','23','Initiation React JS + Semantic UI',2,'Modifié publie.',7,1),(184,'2016-05-20 09:49:44','23','Initiation React JS + Semantic UI',2,'Modifié contenu.',7,1),(185,'2016-05-20 10:03:13','23','Initiation React JS + Semantic UI',2,'Modifié contenu.',7,1),(186,'2016-05-25 10:50:43','23','Initiation React JS + Semantic UI',2,'Modifié contenu.',7,1),(187,'2016-05-25 12:58:59','23','React JS + Semantic UI : ce qu\'il faut savoir',2,'Modifié titre et contenu.',7,1),(188,'2016-05-25 14:28:37','23','React JS + Semantic UI : ce qu\'il faut savoir',2,'Modifié contenu.',7,1),(189,'2016-05-25 15:20:25','23','React JS + Semantic UI : ce qu\'il faut savoir',2,'Modifié contenu.',7,1),(190,'2016-05-25 15:20:55','23','React JS + Semantic UI : ce qu\'il faut savoir',2,'Aucun champ modifié.',7,1),(191,'2016-05-27 11:56:53','19','Atteindre un score visé au foot',2,'Modifié preview et contenu.',7,1),(192,'2016-05-27 11:58:49','19','Atteindre un score visé au foot',2,'Modifié preview et contenu.',7,1),(193,'2016-05-27 11:59:33','19','Atteindre un score visé au foot',2,'Modifié contenu.',7,1),(194,'2016-05-27 13:23:01','23','React JS + Semantic UI : ce qu\'il faut savoir',2,'Modifié contenu.',7,1),(195,'2016-05-27 14:06:44','23','React JS + Semantic UI : ce qu\'il faut savoir',2,'Modifié contenu, publie et date.',7,1),(196,'2016-05-27 14:07:19','23','React JS + Semantic UI : ce qu\'il faut savoir',2,'Modifié contenu.',7,1),(197,'2016-05-27 14:08:37','23','React JS + Semantic UI : ce qu\'il faut savoir',2,'Modifié contenu.',7,1),(198,'2016-05-27 14:09:25','23','React JS + Semantic UI : ce qu\'il faut savoir',2,'Modifié contenu.',7,1),(199,'2016-05-28 17:45:33','23','React JS + Semantic UI : ce qu\'il faut savoir',2,'Modifié contenu.',7,1),(200,'2016-05-28 17:51:20','23','React JS + Semantic UI : ce qu\'il faut savoir',2,'Modifié contenu.',7,1),(201,'2016-05-31 08:42:53','23','React JS + Semantic UI : ce qu\'il faut savoir',2,'Modifié contenu.',7,1),(202,'2016-05-31 08:44:14','23','React JS + Semantic UI : ce qu\'il faut savoir',2,'Modifié contenu.',7,1),(203,'2016-05-31 10:01:01','23','React JS + Semantic UI : ce qu\'il faut savoir',2,'Modifié contenu.',7,1),(204,'2016-05-31 13:54:27','24','Introduction to Redux and React JS',1,'',7,1),(205,'2016-05-31 15:23:57','24','Introduction to Redux and React JS',2,'Modifié contenu.',7,1),(206,'2016-05-31 15:24:06','24','Introduction to Redux and React JS',2,'Modifié publie.',7,1),(207,'2016-05-31 15:24:19','24','Introduction to Redux and React JS',2,'Aucun champ modifié.',7,1),(208,'2016-05-31 15:25:03','24','Introduction to Redux and React JS',2,'Modifié publie et date.',7,1),(209,'2016-06-01 07:12:00','24','Introduction to Redux and React JS',2,'Modifié contenu.',7,1),(210,'2016-06-01 07:12:55','24','Introduction to Redux and React JS',2,'Modifié contenu.',7,1),(211,'2016-06-02 07:26:38','23','React JS + Semantic UI : ce qu\'il faut savoir',2,'Modifié contenu.',7,1),(212,'2016-06-06 09:58:27','23','Introduction à React JS et Semantic UI ',2,'Modifié titre et contenu.',7,1),(213,'2016-06-07 12:59:43','24','Introduction to Redux and React JS',2,'Modifié contenu.',7,1),(214,'2016-06-08 10:43:24','24','Introduction to Redux and React JS',2,'Modifié contenu.',7,1),(215,'2016-06-09 10:38:44','24','Introduction to React JS and Redux',2,'Modifié titre et contenu.',7,1),(216,'2016-06-09 10:46:28','24','Introduction to React JS and Redux',2,'Modifié contenu.',7,1),(217,'2016-06-09 14:14:29','24','Introduction to React JS and Redux',2,'Modifié contenu.',7,1),(218,'2016-06-09 14:58:43','24','Introduction to React JS and Redux',2,'Modifié contenu.',7,1),(219,'2016-06-09 15:09:13','24','Introduction to React JS and Redux',2,'Modifié contenu, publie et date.',7,1),(220,'2016-06-09 15:19:10','24','Introduction to React JS and Redux',2,'Modifié contenu.',7,1),(221,'2016-06-09 15:20:41','7','WinterNis',2,'Modifié is_staff et user_permissions.',4,1),(222,'2016-06-10 14:32:28','24','Introduction to React JS and Redux',2,'Modifié contenu.',7,1),(223,'2016-06-10 14:45:17','24','Introduction to React JS and Redux',2,'Modifié contenu.',7,1),(224,'2016-06-22 08:12:41','19','Atteindre un score visé au foot',2,'Modifié contenu.',7,1),(225,'2016-07-04 09:44:32','24','Introduction to React JS and Redux',2,'Modifié contenu.',7,1),(226,'2016-07-04 11:37:33','24','Introduction to React JS and Redux',2,'Modifié contenu.',7,1),(227,'2016-07-05 13:43:47','8','SunTasked',3,'',4,1),(228,'2016-07-11 14:32:14','25','How to include Markdown pages in React',1,'',7,1),(229,'2016-07-11 14:53:34','25','How to include Markdown pages in React',2,'Modifié contenu.',7,1),(230,'2016-07-11 15:36:05','25','How to include Markdown pages in React',2,'Modifié contenu et publie.',7,1),(231,'2016-07-11 15:36:41','25','How to include Markdown pages in React',2,'Modifié publie.',7,1),(232,'2016-07-12 10:18:18','26','Double data binding with Redux + React',1,'',7,1),(233,'2016-07-12 10:27:35','26','Double data binding with Redux + React',2,'Modifié contenu.',7,1),(234,'2016-07-12 11:00:52','26','Double data binding with Redux + React',2,'Modifié contenu.',7,1),(235,'2016-07-12 12:48:16','26','Double data binding with Redux + React',2,'Modifié contenu, publie et date.',7,1),(236,'2016-07-12 15:42:46','25','How to include Markdown pages in React',2,'Modifié contenu.',7,1),(237,'2016-07-13 07:31:08','25','How to include Markdown pages in React',2,'Modifié contenu, publie et date.',7,1),(238,'2016-07-15 14:42:16','27','Test Markdown',1,'',7,1),(239,'2016-07-15 14:43:03','27','Test Markdown',3,'',7,1),(240,'2016-08-10 09:12:28','6','Combat de Poule',2,'Modifié contenu.',7,1),(241,'2016-08-11 08:26:16','28','vuzfz',1,'',7,1),(242,'2016-08-11 08:27:14','28','vuzfz',2,'Modifié urlGitHub.',7,1),(243,'2016-08-11 08:27:32','28','vuzfz',2,'Modifié urlGitHub.',7,1),(244,'2016-08-11 08:28:08','28','vuzfz',3,'',7,1),(245,'2016-08-20 16:54:58','29','sqccsw',1,'',7,1),(246,'2016-08-20 16:55:21','29','sqccsw',2,'Modifié urlGitHub.',7,1),(247,'2016-08-20 16:55:49','29','sqccsw',2,'Modifié urlGitHub.',7,1),(248,'2016-08-20 16:57:54','29','sqccsw',3,'',7,1),(249,'2016-09-02 09:22:52','30','OCCInterface or ',1,'',7,1),(250,'2016-09-02 09:23:18','30','OCCInterface and exploREST ',2,'Modifié titre.',7,1),(251,'2016-09-02 09:25:09','30','OCCInterface and ExploREST ',2,'Modifié titre et preview.',7,1),(252,'2016-09-16 17:28:12','1','vulgairedev.fr',2,'Modifié domain et name.',12,1),(253,'2016-09-16 17:39:48','8','Proposition d\'articles',3,'',7,1),(254,'2016-09-16 17:40:00','10','Des commentaires',3,'',7,1),(255,'2016-09-16 20:36:58','31','Disqus comments and article submission',1,'',7,1),(256,'2016-10-28 14:23:13','32','Numérique et éducation',1,'',7,1),(257,'2016-10-28 14:24:35','32','Numérique et éducation',2,'Modifié preview.',7,1),(258,'2016-10-28 17:55:54','17','Combien de zones dans ce cercle ?',2,'Modifié contenu.',7,1),(259,'2016-11-07 16:03:41','33','Introduction to caffe',1,'',7,1),(260,'2016-11-20 15:47:38','34','Faces detecion with caffe',1,'',7,1),(261,'2016-11-20 15:59:27','34','Faces detection with caffe',2,'Modifié titre.',7,1),(262,'2016-11-22 09:04:56','35','tgfz',1,'',7,1),(263,'2016-11-22 10:07:16','35','tgfz',3,'',7,1),(264,'2016-11-22 10:39:25','36','fhzfj',1,'',7,1),(265,'2016-11-22 10:41:49','36','fhzfj',3,'',7,1),(266,'2016-12-14 14:09:10','35','test',1,'',7,1),(267,'2016-12-14 14:09:47','35','test',2,'Modifié urlGitHub.',7,1),(268,'2016-12-14 14:10:42','35','test',2,'Modifié urlGitHub.',7,1),(269,'2016-12-14 14:47:13','35','test',3,'',7,1),(270,'2016-12-31 11:16:45','36','Eight Queens Puzzle',1,'',7,1),(271,'2017-01-01 16:14:07','16','La somme maximale de nombres consécutifs dans un tableau',2,'Modifié preview et contenu.',7,1),(272,'2017-01-01 16:20:23','14','Monter les escaliers',2,'Modifié contenu.',7,1),(273,'2017-01-11 14:39:20','34','Faces detection with caffe',2,'Modifié preview.',7,1),(274,'2017-02-10 14:56:58','37','Faux positifs',1,'',7,1),(275,'2017-03-10 11:00:39','38','Les problemes P, NP',1,'',7,1);
/*!40000 ALTER TABLE `django_admin_log` ENABLE KEYS */;
UNLOCK TABLES;

--
-- Table structure for table `django_content_type`
--

DROP TABLE IF EXISTS `django_content_type`;
/*!40101 SET @saved_cs_client     = @@character_set_client */;
/*!40101 SET character_set_client = utf8 */;
CREATE TABLE `django_content_type` (
  `id` int(11) NOT NULL AUTO_INCREMENT,
  `app_label` varchar(100) NOT NULL,
  `model` varchar(100) NOT NULL,
  PRIMARY KEY (`id`),
  UNIQUE KEY `django_content_type_app_label_76bd3d3b_uniq` (`app_label`,`model`)
) ENGINE=InnoDB AUTO_INCREMENT=13 DEFAULT CHARSET=utf8;
/*!40101 SET character_set_client = @saved_cs_client */;

--
-- Dumping data for table `django_content_type`
--

LOCK TABLES `django_content_type` WRITE;
/*!40000 ALTER TABLE `django_content_type` DISABLE KEYS */;
INSERT INTO `django_content_type` VALUES (1,'admin','logentry'),(3,'auth','group'),(2,'auth','permission'),(4,'auth','user'),(7,'blog','article'),(8,'blog','articleproposition'),(9,'blog','categorie'),(10,'blog','message'),(11,'captcha','captchastore'),(5,'contenttypes','contenttype'),(6,'sessions','session'),(12,'sites','site');
/*!40000 ALTER TABLE `django_content_type` ENABLE KEYS */;
UNLOCK TABLES;

--
-- Table structure for table `django_migrations`
--

DROP TABLE IF EXISTS `django_migrations`;
/*!40101 SET @saved_cs_client     = @@character_set_client */;
/*!40101 SET character_set_client = utf8 */;
CREATE TABLE `django_migrations` (
  `id` int(11) NOT NULL AUTO_INCREMENT,
  `app` varchar(255) NOT NULL,
  `name` varchar(255) NOT NULL,
  `applied` datetime NOT NULL,
  PRIMARY KEY (`id`)
) ENGINE=InnoDB AUTO_INCREMENT=25 DEFAULT CHARSET=utf8;
/*!40101 SET character_set_client = @saved_cs_client */;

--
-- Dumping data for table `django_migrations`
--

LOCK TABLES `django_migrations` WRITE;
/*!40000 ALTER TABLE `django_migrations` DISABLE KEYS */;
INSERT INTO `django_migrations` VALUES (1,'contenttypes','0001_initial','2016-01-10 12:12:49'),(2,'auth','0001_initial','2016-01-10 12:12:50'),(3,'admin','0001_initial','2016-01-10 12:12:50'),(4,'admin','0002_logentry_remove_auto_add','2016-01-10 12:12:50'),(5,'contenttypes','0002_remove_content_type_name','2016-01-10 12:12:50'),(6,'auth','0002_alter_permission_name_max_length','2016-01-10 12:12:50'),(7,'auth','0003_alter_user_email_max_length','2016-01-10 12:12:50'),(8,'auth','0004_alter_user_username_opts','2016-01-10 12:12:50'),(9,'auth','0005_alter_user_last_login_null','2016-01-10 12:12:50'),(10,'auth','0006_require_contenttypes_0002','2016-01-10 12:12:50'),(11,'auth','0007_alter_validators_add_error_messages','2016-01-10 12:12:50'),(12,'blog','0001_initial','2016-01-10 12:12:50'),(13,'blog','0002_auto_20151118_1726','2016-01-10 12:12:50'),(14,'blog','0003_article_slug','2016-01-10 12:12:50'),(15,'blog','0004_auto_20151124_1502','2016-01-10 12:12:50'),(16,'blog','0005_article_preview','2016-01-10 12:12:50'),(17,'blog','0006_auto_20151228_1244','2016-01-10 12:12:50'),(18,'blog','0007_auto_20160110_1115','2016-01-10 12:12:51'),(19,'blog','0008_auto_20160110_1118','2016-01-10 12:12:51'),(20,'captcha','0001_initial','2016-01-10 12:12:51'),(21,'sessions','0001_initial','2016-01-10 12:12:51'),(22,'blog','0009_auto_20160113_2252','2016-01-13 22:52:10'),(23,'blog','0002_auto_20160715_1438','2016-07-15 14:38:15'),(24,'sites','0001_initial','2016-09-16 17:10:07');
/*!40000 ALTER TABLE `django_migrations` ENABLE KEYS */;
UNLOCK TABLES;

--
-- Table structure for table `django_session`
--

DROP TABLE IF EXISTS `django_session`;
/*!40101 SET @saved_cs_client     = @@character_set_client */;
/*!40101 SET character_set_client = utf8 */;
CREATE TABLE `django_session` (
  `session_key` varchar(40) NOT NULL,
  `session_data` longtext NOT NULL,
  `expire_date` datetime NOT NULL,
  PRIMARY KEY (`session_key`),
  KEY `django_session_de54fa62` (`expire_date`)
) ENGINE=InnoDB DEFAULT CHARSET=utf8;
/*!40101 SET character_set_client = @saved_cs_client */;

--
-- Dumping data for table `django_session`
--

LOCK TABLES `django_session` WRITE;
/*!40000 ALTER TABLE `django_session` DISABLE KEYS */;
INSERT INTO `django_session` VALUES ('016w4yu8y9l761snfjxu78fc75phbsup','ZTliODZiZWI1NGE5ODM5NjkzMTIzMDk2MDEwYzBhMmM5Nzc3YjgxNTp7Il9hdXRoX3VzZXJfaGFzaCI6IjJlZTUwMzVmZGI2NThhZDUyYzIxNWQwYzQxZDI1MWFhMTg2NGMyM2QiLCJfYXV0aF91c2VyX2JhY2tlbmQiOiJkamFuZ28uY29udHJpYi5hdXRoLmJhY2tlbmRzLk1vZGVsQmFja2VuZCIsIl9hdXRoX3VzZXJfaWQiOiIxIn0=','2016-01-31 14:46:47'),('0ebuirj35wt0pxbs4lk1nfr0js97f8v9','M2EwYzY0OTQwYTY5YmZiYThmYzI2ODVmOWZlZThlZWE5ZTQ2YmQyNzp7Il9hdXRoX3VzZXJfaGFzaCI6IjQ4MGYxZmI0NDQ3Y2Y5NDI3MTMwMTcxYWZlMzYzYjY5NTY5MGJhMGYiLCJfYXV0aF91c2VyX2JhY2tlbmQiOiJkamFuZ28uY29udHJpYi5hdXRoLmJhY2tlbmRzLk1vZGVsQmFja2VuZCIsIl9hdXRoX3VzZXJfaWQiOiIxIn0=','2016-07-18 09:32:47'),('16ya9vb5uzk9cl0g22ohe6o4osd6v0wx','M2EwYzY0OTQwYTY5YmZiYThmYzI2ODVmOWZlZThlZWE5ZTQ2YmQyNzp7Il9hdXRoX3VzZXJfaGFzaCI6IjQ4MGYxZmI0NDQ3Y2Y5NDI3MTMwMTcxYWZlMzYzYjY5NTY5MGJhMGYiLCJfYXV0aF91c2VyX2JhY2tlbmQiOiJkamFuZ28uY29udHJpYi5hdXRoLmJhY2tlbmRzLk1vZGVsQmFja2VuZCIsIl9hdXRoX3VzZXJfaWQiOiIxIn0=','2016-10-18 23:16:51'),('17c8pd57bb8ghqxiwmo9clvj9tegzz1a','ZTliODZiZWI1NGE5ODM5NjkzMTIzMDk2MDEwYzBhMmM5Nzc3YjgxNTp7Il9hdXRoX3VzZXJfaGFzaCI6IjJlZTUwMzVmZGI2NThhZDUyYzIxNWQwYzQxZDI1MWFhMTg2NGMyM2QiLCJfYXV0aF91c2VyX2JhY2tlbmQiOiJkamFuZ28uY29udHJpYi5hdXRoLmJhY2tlbmRzLk1vZGVsQmFja2VuZCIsIl9hdXRoX3VzZXJfaWQiOiIxIn0=','2016-02-09 09:43:32'),('186qirkhorfel94w3c4rrnxvkhdvh82j','ZTliODZiZWI1NGE5ODM5NjkzMTIzMDk2MDEwYzBhMmM5Nzc3YjgxNTp7Il9hdXRoX3VzZXJfaGFzaCI6IjJlZTUwMzVmZGI2NThhZDUyYzIxNWQwYzQxZDI1MWFhMTg2NGMyM2QiLCJfYXV0aF91c2VyX2JhY2tlbmQiOiJkamFuZ28uY29udHJpYi5hdXRoLmJhY2tlbmRzLk1vZGVsQmFja2VuZCIsIl9hdXRoX3VzZXJfaWQiOiIxIn0=','2016-02-16 14:52:55'),('1irwjohfudh13p3tfhh56qixxdfgi5px','M2EwYzY0OTQwYTY5YmZiYThmYzI2ODVmOWZlZThlZWE5ZTQ2YmQyNzp7Il9hdXRoX3VzZXJfaGFzaCI6IjQ4MGYxZmI0NDQ3Y2Y5NDI3MTMwMTcxYWZlMzYzYjY5NTY5MGJhMGYiLCJfYXV0aF91c2VyX2JhY2tlbmQiOiJkamFuZ28uY29udHJpYi5hdXRoLmJhY2tlbmRzLk1vZGVsQmFja2VuZCIsIl9hdXRoX3VzZXJfaWQiOiIxIn0=','2016-03-07 15:23:14'),('33uuegyilp3dl47e0iaszw45wydtnwbl','M2EwYzY0OTQwYTY5YmZiYThmYzI2ODVmOWZlZThlZWE5ZTQ2YmQyNzp7Il9hdXRoX3VzZXJfaGFzaCI6IjQ4MGYxZmI0NDQ3Y2Y5NDI3MTMwMTcxYWZlMzYzYjY5NTY5MGJhMGYiLCJfYXV0aF91c2VyX2JhY2tlbmQiOiJkamFuZ28uY29udHJpYi5hdXRoLmJhY2tlbmRzLk1vZGVsQmFja2VuZCIsIl9hdXRoX3VzZXJfaWQiOiIxIn0=','2016-04-12 14:11:58'),('389g1tv1pamdy3fipegvxyw5tg5jvvx3','M2I2ZGU2YzBkM2RiMGE1ZDFhZDViZjRhOGRhODYxNDllYWRhZjYxMzp7Il9hdXRoX3VzZXJfaGFzaCI6ImFmN2VhNjg1ZWFmYzc3M2Q4ZDRhMzBjODgyNDg3OTkyYzM1N2FkYWUiLCJfYXV0aF91c2VyX2JhY2tlbmQiOiJkamFuZ28uY29udHJpYi5hdXRoLmJhY2tlbmRzLk1vZGVsQmFja2VuZCIsIl9hdXRoX3VzZXJfaWQiOiI1In0=','2016-02-12 16:45:22'),('39jnv1uhs220iy3u7p4fbftrod3r28uf','M2EwYzY0OTQwYTY5YmZiYThmYzI2ODVmOWZlZThlZWE5ZTQ2YmQyNzp7Il9hdXRoX3VzZXJfaGFzaCI6IjQ4MGYxZmI0NDQ3Y2Y5NDI3MTMwMTcxYWZlMzYzYjY5NTY5MGJhMGYiLCJfYXV0aF91c2VyX2JhY2tlbmQiOiJkamFuZ28uY29udHJpYi5hdXRoLmJhY2tlbmRzLk1vZGVsQmFja2VuZCIsIl9hdXRoX3VzZXJfaWQiOiIxIn0=','2017-01-14 11:15:21'),('3aaivuw8iwv32a9z5c8xymgteoxyf2sw','M2Y3OTgwOWEyMWRkMjY3NWE5NDM4N2Y5NzIzNjE4ZmM5NDgyNjc1MTp7ImNvbnRlbnVNZXNzYWdlIjoiN1czcEpSICA8YSBocmVmPVwiaHR0cDovL3R4b3V0ZWNueGtvZS5jb20vXCI+dHhvdXRlY254a29lPC9hPiwgW3VybD1odHRwOi8vcXl0ZXpienhvYWZpLmNvbS9dcXl0ZXpienhvYWZpWy91cmxdLCBbbGluaz1odHRwOi8vdXZjdmRxaG94bWRuLmNvbS9ddXZjdmRxaG94bWRuWy9saW5rXSwgaHR0cDovL3RoeHNvcGhhZWdncC5jb20vIn0=','2016-05-29 03:07:25'),('3dge2tr4ufrzdb1o0d6z8fvjzsb4oz5w','N2E1OTMyNGJhOWE4ODg4MmUzNTg3N2YwOTE0NmYyMTg0M2UzY2I1Yzp7Il9hdXRoX3VzZXJfaGFzaCI6ImI1MzZiNjJiZjg5MGUwZTc4ZTBiMGNlNjc1ZDRiNzQ4YzgwNmFmZTciLCJfYXV0aF91c2VyX2JhY2tlbmQiOiJkamFuZ28uY29udHJpYi5hdXRoLmJhY2tlbmRzLk1vZGVsQmFja2VuZCIsIl9hdXRoX3VzZXJfaWQiOiIxMiJ9','2016-07-19 13:47:30'),('3pc3jb6a2sfwc02mjp44r9w4bxxneiy1','ZTliODZiZWI1NGE5ODM5NjkzMTIzMDk2MDEwYzBhMmM5Nzc3YjgxNTp7Il9hdXRoX3VzZXJfaGFzaCI6IjJlZTUwMzVmZGI2NThhZDUyYzIxNWQwYzQxZDI1MWFhMTg2NGMyM2QiLCJfYXV0aF91c2VyX2JhY2tlbmQiOiJkamFuZ28uY29udHJpYi5hdXRoLmJhY2tlbmRzLk1vZGVsQmFja2VuZCIsIl9hdXRoX3VzZXJfaWQiOiIxIn0=','2016-01-24 14:21:24'),('3uc54l3prmbo849y6niqhy32gaje7w0o','M2EwYzY0OTQwYTY5YmZiYThmYzI2ODVmOWZlZThlZWE5ZTQ2YmQyNzp7Il9hdXRoX3VzZXJfaGFzaCI6IjQ4MGYxZmI0NDQ3Y2Y5NDI3MTMwMTcxYWZlMzYzYjY5NTY5MGJhMGYiLCJfYXV0aF91c2VyX2JhY2tlbmQiOiJkamFuZ28uY29udHJpYi5hdXRoLmJhY2tlbmRzLk1vZGVsQmFja2VuZCIsIl9hdXRoX3VzZXJfaWQiOiIxIn0=','2016-04-09 17:48:32'),('45ofw11rnq24s90pu4srf1okshpm2l1i','M2EwYzY0OTQwYTY5YmZiYThmYzI2ODVmOWZlZThlZWE5ZTQ2YmQyNzp7Il9hdXRoX3VzZXJfaGFzaCI6IjQ4MGYxZmI0NDQ3Y2Y5NDI3MTMwMTcxYWZlMzYzYjY5NTY5MGJhMGYiLCJfYXV0aF91c2VyX2JhY2tlbmQiOiJkamFuZ28uY29udHJpYi5hdXRoLmJhY2tlbmRzLk1vZGVsQmFja2VuZCIsIl9hdXRoX3VzZXJfaWQiOiIxIn0=','2016-06-22 10:36:27'),('61qj6u9smqhavakvobeyx6pgogcaayhe','ZTliODZiZWI1NGE5ODM5NjkzMTIzMDk2MDEwYzBhMmM5Nzc3YjgxNTp7Il9hdXRoX3VzZXJfaGFzaCI6IjJlZTUwMzVmZGI2NThhZDUyYzIxNWQwYzQxZDI1MWFhMTg2NGMyM2QiLCJfYXV0aF91c2VyX2JhY2tlbmQiOiJkamFuZ28uY29udHJpYi5hdXRoLmJhY2tlbmRzLk1vZGVsQmFja2VuZCIsIl9hdXRoX3VzZXJfaWQiOiIxIn0=','2016-01-24 14:16:53'),('6gphsr76g3i7bgmkyb47ny6qhpl13vd1','ZTliODZiZWI1NGE5ODM5NjkzMTIzMDk2MDEwYzBhMmM5Nzc3YjgxNTp7Il9hdXRoX3VzZXJfaGFzaCI6IjJlZTUwMzVmZGI2NThhZDUyYzIxNWQwYzQxZDI1MWFhMTg2NGMyM2QiLCJfYXV0aF91c2VyX2JhY2tlbmQiOiJkamFuZ28uY29udHJpYi5hdXRoLmJhY2tlbmRzLk1vZGVsQmFja2VuZCIsIl9hdXRoX3VzZXJfaWQiOiIxIn0=','2016-02-29 16:41:27'),('6jsanzzy225mry8r6lfndvp0nguvxrgr','MTM2ZmYxMDJjODRkOTNlMGU1MWI5NmEyZmJiNDMwNDIzNzM3NTkwZDp7fQ==','2016-07-24 03:23:56'),('6rxcgnu1s2k2uznz2wqodug4iw5q377c','YmJiYzdhODBlYzYyMjUwODIzN2Y0OWQxNTk0NTRlOTE4YjRkN2VjMDp7ImNvbnRlbnVNZXNzYWdlIjoiSSB3b3VsZCBsaWtlIHRvIHRoaW5rIHRoZXkgYnJvdWdodCBpbiBLZW5uZWR5LCBXaGl0ZSBhbmQgRmVkZXRlbmtvIHRvIHNlZSBpZiB0aGV5IGNhbiBvdXRwbGF5IEVDLCBCb3lsZSBmb3IgYSBzcG90IGFuZCB0byBzZWUgd2hhdCBoYXBwZW5zLiBUaGV5IGFyZSBleHBlY3RpbmcgQUEgdG8gYmUgYmV0dGVyLiBEdWJpbnNraSBhbmQgQXZlcnkgd2lsbCBiZSBpbiB0aGUgdG9wIDMgbGluZXMuIEZyb2xvdiBFQyBvciBEUyBHYWJpIFByb3NwYWwgQUEgQ2FsbGlBdmVyeSBEcnVyeSBEdWhlYXNraVBydXN0L1diaXRpL0Jvb2duYXJkL0tlbm5lZHkgSSB0aGluayB0aGV5IHdpbGwgZWl0aGVyIGtlZXAgRFMgdXAgaW4gdGhlIG1pbm9ycyBhbmQgZ2V0IHJpZCBvZiBFQyBvciB2aWNlIHZlcnNhLi4gb25seSByb29tIGZvciBvbmUuIFdvdWxkIHJhdGhlciBoYXZlIFdoaXRlIGluIHRoZXJlIHRoYW4gYm90aCBvZiB0aGVtLiJ9','2016-06-02 17:49:35'),('7n6gk0d0ee6d8lbtw6b47ly2dfks77xy','M2EwYzY0OTQwYTY5YmZiYThmYzI2ODVmOWZlZThlZWE5ZTQ2YmQyNzp7Il9hdXRoX3VzZXJfaGFzaCI6IjQ4MGYxZmI0NDQ3Y2Y5NDI3MTMwMTcxYWZlMzYzYjY5NTY5MGJhMGYiLCJfYXV0aF91c2VyX2JhY2tlbmQiOiJkamFuZ28uY29udHJpYi5hdXRoLmJhY2tlbmRzLk1vZGVsQmFja2VuZCIsIl9hdXRoX3VzZXJfaWQiOiIxIn0=','2016-05-02 14:04:31'),('7onpyaee56zhb5zqeig7t0n0m8kox0ek','M2EwYzY0OTQwYTY5YmZiYThmYzI2ODVmOWZlZThlZWE5ZTQ2YmQyNzp7Il9hdXRoX3VzZXJfaGFzaCI6IjQ4MGYxZmI0NDQ3Y2Y5NDI3MTMwMTcxYWZlMzYzYjY5NTY5MGJhMGYiLCJfYXV0aF91c2VyX2JhY2tlbmQiOiJkamFuZ28uY29udHJpYi5hdXRoLmJhY2tlbmRzLk1vZGVsQmFja2VuZCIsIl9hdXRoX3VzZXJfaWQiOiIxIn0=','2016-05-22 12:50:41'),('83zeoa11wvz6kdvb3vqub84srzszgf5t','Nzk4ZGY2MGVkNGZkZjFmOTcyYWEzYWY2OTFjMDBjZjM1NDc3MzRiNDp7ImNvbnRlbnVNZXNzYWdlIjoiNTlZRTJhICA8YSBocmVmPVwiaHR0cDovL2h4amFtc3F0cnpkYS5jb20vXCI+aHhqYW1zcXRyemRhPC9hPiwgW3VybD1odHRwOi8vcnZyZHlia3Vmbm5qLmNvbS9dcnZyZHlia3Vmbm5qWy91cmxdLCBbbGluaz1odHRwOi8vdmRlc3diY3RwbnVwLmNvbS9ddmRlc3diY3RwbnVwWy9saW5rXSwgaHR0cDovL2t5cWJod3p5eWRqcC5jb20vIn0=','2016-05-19 03:19:42'),('8gx6xmrx4ow8tre2ldxvb3akq43mnkiw','NWNjM2E0ZmFkZWMzNjEyOTM4ODY1YTM1NGM1YTdkY2E3ZjJkYzAxNDp7Il9hdXRoX3VzZXJfaWQiOiI3IiwiX2F1dGhfdXNlcl9oYXNoIjoiMTc5ZDIyNWFjYWEzNmUzM2IwYzc4NzIxNjI2ZDczZmFjOWVmMGQwYiIsIl9hdXRoX3VzZXJfYmFja2VuZCI6ImRqYW5nby5jb250cmliLmF1dGguYmFja2VuZHMuTW9kZWxCYWNrZW5kIn0=','2016-01-24 14:17:49'),('9dpbiseyf9o2ud5euadw7x4mo8olct8k','M2EwYzY0OTQwYTY5YmZiYThmYzI2ODVmOWZlZThlZWE5ZTQ2YmQyNzp7Il9hdXRoX3VzZXJfaGFzaCI6IjQ4MGYxZmI0NDQ3Y2Y5NDI3MTMwMTcxYWZlMzYzYjY5NTY5MGJhMGYiLCJfYXV0aF91c2VyX2JhY2tlbmQiOiJkamFuZ28uY29udHJpYi5hdXRoLmJhY2tlbmRzLk1vZGVsQmFja2VuZCIsIl9hdXRoX3VzZXJfaWQiOiIxIn0=','2016-06-11 17:45:06'),('9hd16apod7nvr3f0qp7lb4l730f7w8sv','M2EwYzY0OTQwYTY5YmZiYThmYzI2ODVmOWZlZThlZWE5ZTQ2YmQyNzp7Il9hdXRoX3VzZXJfaGFzaCI6IjQ4MGYxZmI0NDQ3Y2Y5NDI3MTMwMTcxYWZlMzYzYjY5NTY5MGJhMGYiLCJfYXV0aF91c2VyX2JhY2tlbmQiOiJkamFuZ28uY29udHJpYi5hdXRoLmJhY2tlbmRzLk1vZGVsQmFja2VuZCIsIl9hdXRoX3VzZXJfaWQiOiIxIn0=','2016-06-08 10:01:32'),('9icyxsamdsjuldih0r8uymwehsgm0kd1','M2EwYzY0OTQwYTY5YmZiYThmYzI2ODVmOWZlZThlZWE5ZTQ2YmQyNzp7Il9hdXRoX3VzZXJfaGFzaCI6IjQ4MGYxZmI0NDQ3Y2Y5NDI3MTMwMTcxYWZlMzYzYjY5NTY5MGJhMGYiLCJfYXV0aF91c2VyX2JhY2tlbmQiOiJkamFuZ28uY29udHJpYi5hdXRoLmJhY2tlbmRzLk1vZGVsQmFja2VuZCIsIl9hdXRoX3VzZXJfaWQiOiIxIn0=','2016-05-23 09:32:37'),('a4jeahh1bn07ecmbjtccwhnh0otoinpq','M2EwYzY0OTQwYTY5YmZiYThmYzI2ODVmOWZlZThlZWE5ZTQ2YmQyNzp7Il9hdXRoX3VzZXJfaGFzaCI6IjQ4MGYxZmI0NDQ3Y2Y5NDI3MTMwMTcxYWZlMzYzYjY5NTY5MGJhMGYiLCJfYXV0aF91c2VyX2JhY2tlbmQiOiJkamFuZ28uY29udHJpYi5hdXRoLmJhY2tlbmRzLk1vZGVsQmFja2VuZCIsIl9hdXRoX3VzZXJfaWQiOiIxIn0=','2016-11-21 13:55:48'),('aaeayoui85mt7ajl1xpa5c69e3lsdmg9','NTg1ODc0Y2I5YmIyMDNjYjgzZTE4NzE5NDkxN2Y5OWZiZDJlNzY5Mjp7Il9hdXRoX3VzZXJfaGFzaCI6ImQ5MzJhNzNhNzkxMDNhMDM5ZDUxNTVmMGM5Y2U5NjA3NDQ3OTBlYmIiLCJfYXV0aF91c2VyX2JhY2tlbmQiOiJkamFuZ28uY29udHJpYi5hdXRoLmJhY2tlbmRzLk1vZGVsQmFja2VuZCIsIl9hdXRoX3VzZXJfaWQiOiI4In0=','2016-02-06 09:54:09'),('anaocfcldiztvzzhm08qyscrvrx2bed2','MWE0YTc4NWRiNTRmNTM2NTEwYTQ4MDZmYjFiOTZiMmY0Y2I3MzQwMDp7ImNvbnRlbnVNZXNzYWdlIjoiRXVnNno1ICA8YSBocmVmPVwiaHR0cDovL3J0YXphbXRvaGh5ei5jb20vXCI+cnRhemFtdG9oaHl6PC9hPiwgW3VybD1odHRwOi8venVhZXp3b294dWlzLmNvbS9denVhZXp3b294dWlzWy91cmxdLCBbbGluaz1odHRwOi8vcHd5ZW9hZ2twZW11LmNvbS9dcHd5ZW9hZ2twZW11Wy9saW5rXSwgaHR0cDovL3FkZW5mcHNheGptai5jb20vIn0=','2016-05-27 04:33:36'),('azcvjvb9vcrpyhmi6dn9u6x6zwe2bhgt','NWUyNmE3YjFkYzQ0ZDE4OTMwZTliNjYzZjcyNGJmZjVlZGUwZjU4MTp7ImNvbnRlbnVNZXNzYWdlIjoibTBsNVJUICA8YSBocmVmPVwiaHR0cDovL29zcXNwY2dhcnl0eC5jb20vXCI+b3Nxc3BjZ2FyeXR4PC9hPiwgW3VybD1odHRwOi8vcGFubG5yZnVtcXFsLmNvbS9dcGFubG5yZnVtcXFsWy91cmxdLCBbbGluaz1odHRwOi8vaHVlZmh6aml4aWtiLmNvbS9daHVlZmh6aml4aWtiWy9saW5rXSwgaHR0cDovL2pmZW9idmxscmpiZS5jb20vIn0=','2016-05-16 23:49:11'),('bosivaivkuci29pai0jqrowpiak30nph','NjM0MGYxYjI0MTVkMjlhZjhkYThiMTA5MjI3MmQwMWNlNzdjYTVmYTp7ImNvbnRlbnVNZXNzYWdlIjoiSEJ5WDlMICA8YSBocmVmPVwiaHR0cDovL3pha214a3d5d2xjcy5jb20vXCI+emFrbXhrd3l3bGNzPC9hPiwgW3VybD1odHRwOi8veXByZG5jamJqdGlpLmNvbS9deXByZG5jamJqdGlpWy91cmxdLCBbbGluaz1odHRwOi8vcWxtemN3Y29mdmdvLmNvbS9dcWxtemN3Y29mdmdvWy9saW5rXSwgaHR0cDovL2xhd3JqbmRqaXVocC5jb20vIn0=','2016-05-14 15:48:39'),('ci2emdvb645dkrhaaouus7awfo968xz0','M2EwYzY0OTQwYTY5YmZiYThmYzI2ODVmOWZlZThlZWE5ZTQ2YmQyNzp7Il9hdXRoX3VzZXJfaGFzaCI6IjQ4MGYxZmI0NDQ3Y2Y5NDI3MTMwMTcxYWZlMzYzYjY5NTY5MGJhMGYiLCJfYXV0aF91c2VyX2JhY2tlbmQiOiJkamFuZ28uY29udHJpYi5hdXRoLmJhY2tlbmRzLk1vZGVsQmFja2VuZCIsIl9hdXRoX3VzZXJfaWQiOiIxIn0=','2016-06-07 16:51:21'),('dn918nm7lvp0qfhqm79cf53cpn3hgum5','ZTE3OTQ5YWQwYjkwNzVjM2VmMDM5YTBlMzI2MjFkNGMxZGI4MWRkMDp7ImNvbnRlbnVNZXNzYWdlIjoiTUROTmtOICA8YSBocmVmPVwiaHR0cDovL3BuYWFyZnJ1cHBsei5jb20vXCI+cG5hYXJmcnVwcGx6PC9hPiwgW3VybD1odHRwOi8vdHJjZ3puZHJ2a3lxLmNvbS9ddHJjZ3puZHJ2a3lxWy91cmxdLCBbbGluaz1odHRwOi8vdGhkcWhrbW5rc2d6LmNvbS9ddGhkcWhrbW5rc2d6Wy9saW5rXSwgaHR0cDovL3R1bWdyZXJuZGFhdy5jb20vIn0=','2016-05-12 07:04:29'),('dy5e6njtwwx6zwp384ivdkea4nl4kkci','NjBiMTQyMjZhYzNmZDIwMzk0N2Y4ZWU4YzJlYTc3YTNlMzU0NWQyMjp7ImNvbnRlbnVNZXNzYWdlIjoiR29vZCB3cml0ZXVwLCBJIGFtIG5vcm1hbCB2aXNpdG9yIG9mIG9uZXMgYmxvZywgbWFpbnRhaW4gdXAgdGhlIGV4Y2VsbGVudCBvcGVyYXRlLCBhbmQgSXQncyBnb2luZyB0byBiZSBhIHJlZ3VsYXIgdmlzaXRvciBmb3IgYSBsZW5ndGh5IHRpbWUuIGdmY2RhY2JkZGVrY2RlZWQifQ==','2016-09-12 13:34:05'),('ea4v4m17v0mpm8odbtkmygtc1zupkzjs','ZTliODZiZWI1NGE5ODM5NjkzMTIzMDk2MDEwYzBhMmM5Nzc3YjgxNTp7Il9hdXRoX3VzZXJfaGFzaCI6IjJlZTUwMzVmZGI2NThhZDUyYzIxNWQwYzQxZDI1MWFhMTg2NGMyM2QiLCJfYXV0aF91c2VyX2JhY2tlbmQiOiJkamFuZ28uY29udHJpYi5hdXRoLmJhY2tlbmRzLk1vZGVsQmFja2VuZCIsIl9hdXRoX3VzZXJfaWQiOiIxIn0=','2016-01-24 13:19:31'),('elwwn1byp4giwvyrb095cajh5jyq5gam','M2VjMTRlODM1OTIxODZkOWZkMTQ0ZDA3ODljZDhmNWEyOTM0MGFkNTp7ImNvbnRlbnVNZXNzYWdlIjoiR29zaCwgSSB3aXNoIEkgd291bGQgaGF2ZSBoYWQgdGhhdCBpbm9yZm1hdGlvbiBlYXJsaWVyISJ9','2016-06-02 15:14:29'),('f7s4rdh11clf6epwpje1qoj7etrlxsio','ZTliODZiZWI1NGE5ODM5NjkzMTIzMDk2MDEwYzBhMmM5Nzc3YjgxNTp7Il9hdXRoX3VzZXJfaGFzaCI6IjJlZTUwMzVmZGI2NThhZDUyYzIxNWQwYzQxZDI1MWFhMTg2NGMyM2QiLCJfYXV0aF91c2VyX2JhY2tlbmQiOiJkamFuZ28uY29udHJpYi5hdXRoLmJhY2tlbmRzLk1vZGVsQmFja2VuZCIsIl9hdXRoX3VzZXJfaWQiOiIxIn0=','2016-02-13 09:43:58'),('fhyowez752ol0lblal369jot5hc3p53t','MmIyZDVmNjUyNjc3ODc4NTc3ZWEzMGMxZTA3OGJiZWI2M2ZmMzFkYTp7Il9hdXRoX3VzZXJfaGFzaCI6IjQ4MGYxZmI0NDQ3Y2Y5NDI3MTMwMTcxYWZlMzYzYjY5NTY5MGJhMGYiLCJfYXV0aF91c2VyX2lkIjoiMSIsIl9hdXRoX3VzZXJfYmFja2VuZCI6ImRqYW5nby5jb250cmliLmF1dGguYmFja2VuZHMuTW9kZWxCYWNrZW5kIn0=','2016-03-03 21:18:49'),('flaszos2u9mgfimqiwes9cnp99ti5raq','ZTliODZiZWI1NGE5ODM5NjkzMTIzMDk2MDEwYzBhMmM5Nzc3YjgxNTp7Il9hdXRoX3VzZXJfaGFzaCI6IjJlZTUwMzVmZGI2NThhZDUyYzIxNWQwYzQxZDI1MWFhMTg2NGMyM2QiLCJfYXV0aF91c2VyX2JhY2tlbmQiOiJkamFuZ28uY29udHJpYi5hdXRoLmJhY2tlbmRzLk1vZGVsQmFja2VuZCIsIl9hdXRoX3VzZXJfaWQiOiIxIn0=','2016-01-24 14:26:21'),('fnx9h3gksjy8cywzhx8s5j3ld94w0mmk','MDRhOWU3NjA2NDNkYmE0NjM3ZDZiZjgzNGJmM2E2ZWJiN2Q0YjYyMjp7Il9hdXRoX3VzZXJfaGFzaCI6IjNiOWExYjU5ZTAzZTkwYTUwMzdmZDJmNGM3ZGNhMzUzOGNkNDQ3N2UiLCJfYXV0aF91c2VyX2JhY2tlbmQiOiJkamFuZ28uY29udHJpYi5hdXRoLmJhY2tlbmRzLk1vZGVsQmFja2VuZCIsIl9hdXRoX3VzZXJfaWQiOiI1In0=','2016-05-23 08:19:42'),('frlk788m2o7jpb18tv1sykulw001qhd9','ZmJlNjMwMTdmMjMwZTEyZDAzYTQ2MmNjZWRlZGY2NDU4MWM4YTBkMzp7ImNvbnRlbnVNZXNzYWdlIjoiV2hhdCBsaWFyYmV0aW5nIGtub3dsZWRnZS4gR2l2ZSBtZSBsaWJlcnR5IG9yIGdpdmUgbWUgZGVhdGguIn0=','2016-06-02 15:27:50'),('g1xginr2dvdphbb1m6esoc8yzroenzvo','YTJhNDc1ODVlODE4ZWQ4YTNiNjRhZTQ2Yzg1OWExMTk5ZDRhMTg2Mzp7ImNvbnRlbnVNZXNzYWdlIjoiTm8gY29waW5hbWx0cyBvbiB0aGlzIGVuZCwgc2ltcGx5IGEgZ29vZCBwaWVjZS4ifQ==','2016-06-02 14:42:58'),('g5yptdypbyqs9fz4bw4rf9xgxeobtc4c','M2FiNDgwZGU5Y2FlMDZiODBlMGI5YjM2ZmY2OGZmODE1ZDNiYzViNDp7ImNvbnRlbnVNZXNzYWdlIjoiU2hvb3QsIHdobyB3b3VsZCBoYXZlIHRoaG91Z3QgdGhhdCBpdCB3YXMgdGhhdCBlYXN5PyJ9','2016-06-02 14:42:07'),('gqqgs2tll95x6uae3hleov5shb56jrkp','ZTliODZiZWI1NGE5ODM5NjkzMTIzMDk2MDEwYzBhMmM5Nzc3YjgxNTp7Il9hdXRoX3VzZXJfaGFzaCI6IjJlZTUwMzVmZGI2NThhZDUyYzIxNWQwYzQxZDI1MWFhMTg2NGMyM2QiLCJfYXV0aF91c2VyX2JhY2tlbmQiOiJkamFuZ28uY29udHJpYi5hdXRoLmJhY2tlbmRzLk1vZGVsQmFja2VuZCIsIl9hdXRoX3VzZXJfaWQiOiIxIn0=','2016-01-25 10:15:38'),('gzoqv8gcuc8jdlpfdp6j6x7uypzbwudd','YTI1ZDg5ZTc1NDBhOWNkZmFmZmViMzhkYmQwMmVhNzhiMGY3YjFkNTp7ImNvbnRlbnVNZXNzYWdlIjoiSSdtIG5vdCBlYXNpbHkgaW1wc2Ryc2VlLiAuIC4gYnV0IHRoYXQncyBpbXByZXNzaW5nIG1lISA6KSJ9','2016-06-02 14:55:41'),('hkl9in888rt9o3zdm4i709s8n6ai55n7','YmE2NGMxZTk1MWIwYzMxYTRlYjI0MDM3ZjRmZTNlNmRiZmNmOTViZTp7Il9hdXRoX3VzZXJfaGFzaCI6ImVjODc2YzBkNTQyNzcyNTQyOWZkYTQ5ZjA5YzRhYTNhYWVmZjc3MDYiLCJfYXV0aF91c2VyX2JhY2tlbmQiOiJkamFuZ28uY29udHJpYi5hdXRoLmJhY2tlbmRzLk1vZGVsQmFja2VuZCIsIl9hdXRoX3VzZXJfaWQiOiIxMCJ9','2016-06-13 12:57:23'),('hm3inzj328jfptrtxkp1x50hfd3blss8','M2EwYzY0OTQwYTY5YmZiYThmYzI2ODVmOWZlZThlZWE5ZTQ2YmQyNzp7Il9hdXRoX3VzZXJfaGFzaCI6IjQ4MGYxZmI0NDQ3Y2Y5NDI3MTMwMTcxYWZlMzYzYjY5NTY5MGJhMGYiLCJfYXV0aF91c2VyX2JhY2tlbmQiOiJkamFuZ28uY29udHJpYi5hdXRoLmJhY2tlbmRzLk1vZGVsQmFja2VuZCIsIl9hdXRoX3VzZXJfaWQiOiIxIn0=','2017-01-25 14:39:09'),('i5dcdoshwvyw9r6b9ow89tnstrt075k5','OWU2YzU4ZGJkNGZhNTIxZWNiYmQzZDZjNTNkOWJjZDYxYzY4YjJkMjp7Il9hdXRoX3VzZXJfaGFzaCI6ImI0Mjc5N2RlYTRhZTdjNWVhMmEzYzgxNjMxODI0ZGNiYzBkODNlN2EiLCJfYXV0aF91c2VyX2JhY2tlbmQiOiJkamFuZ28uY29udHJpYi5hdXRoLmJhY2tlbmRzLk1vZGVsQmFja2VuZCIsIl9hdXRoX3VzZXJfaWQiOiI0In0=','2016-01-25 10:08:18'),('i5ddtm7dwjvtoekkhbu29cy8puvzxzai','ODExYzFjZGFkMmI0MzVlNzVmNDgwMTdmNzZhZTcyYjAyYmJhOGQ5Nzp7ImNvbnRlbnVNZXNzYWdlIjoiQm1CeVkwIGh0dHA6Ly93d3cueTdZd0t4N1BtNk9ueUp2b2xiY3dyV2RvRW5SRjI5cGIuY29tIn0=','2016-05-27 02:54:40'),('l2p8hn2tro2tf62bfqbnu78z3sq48exg','ZTliODZiZWI1NGE5ODM5NjkzMTIzMDk2MDEwYzBhMmM5Nzc3YjgxNTp7Il9hdXRoX3VzZXJfaGFzaCI6IjJlZTUwMzVmZGI2NThhZDUyYzIxNWQwYzQxZDI1MWFhMTg2NGMyM2QiLCJfYXV0aF91c2VyX2JhY2tlbmQiOiJkamFuZ28uY29udHJpYi5hdXRoLmJhY2tlbmRzLk1vZGVsQmFja2VuZCIsIl9hdXRoX3VzZXJfaWQiOiIxIn0=','2016-01-30 19:51:18'),('llv162zxombpjabqyhqjwfmu4j7lhg1z','M2EwYzY0OTQwYTY5YmZiYThmYzI2ODVmOWZlZThlZWE5ZTQ2YmQyNzp7Il9hdXRoX3VzZXJfaGFzaCI6IjQ4MGYxZmI0NDQ3Y2Y5NDI3MTMwMTcxYWZlMzYzYjY5NTY5MGJhMGYiLCJfYXV0aF91c2VyX2JhY2tlbmQiOiJkamFuZ28uY29udHJpYi5hdXRoLmJhY2tlbmRzLk1vZGVsQmFja2VuZCIsIl9hdXRoX3VzZXJfaWQiOiIxIn0=','2016-03-27 17:52:09'),('m0328pvoqv75ryqysye8333wrfftxal9','MTM2ZmYxMDJjODRkOTNlMGU1MWI5NmEyZmJiNDMwNDIzNzM3NTkwZDp7fQ==','2016-07-24 06:30:14'),('mc3qptd28wdw4sbarnqqehtigxc4k5wv','M2EwYzY0OTQwYTY5YmZiYThmYzI2ODVmOWZlZThlZWE5ZTQ2YmQyNzp7Il9hdXRoX3VzZXJfaGFzaCI6IjQ4MGYxZmI0NDQ3Y2Y5NDI3MTMwMTcxYWZlMzYzYjY5NTY5MGJhMGYiLCJfYXV0aF91c2VyX2JhY2tlbmQiOiJkamFuZ28uY29udHJpYi5hdXRoLmJhY2tlbmRzLk1vZGVsQmFja2VuZCIsIl9hdXRoX3VzZXJfaWQiOiIxIn0=','2016-05-22 10:54:35'),('mofaeglhg6b7pih8i59a9hqtzwofnwbk','M2EwYzY0OTQwYTY5YmZiYThmYzI2ODVmOWZlZThlZWE5ZTQ2YmQyNzp7Il9hdXRoX3VzZXJfaGFzaCI6IjQ4MGYxZmI0NDQ3Y2Y5NDI3MTMwMTcxYWZlMzYzYjY5NTY5MGJhMGYiLCJfYXV0aF91c2VyX2JhY2tlbmQiOiJkamFuZ28uY29udHJpYi5hdXRoLmJhY2tlbmRzLk1vZGVsQmFja2VuZCIsIl9hdXRoX3VzZXJfaWQiOiIxIn0=','2016-12-28 14:08:08'),('ncl0cmaa5g1hpkep8047swe814y7csad','MzJlNzAxNjljYTE4YTczMDg2NDEzYzk1NmI5Mzk4OThjNTlmYzIwMzp7ImNvbnRlbnVNZXNzYWdlIjoiVGhhdCdzIHJlYWxseSB0aG5pbmtpZyBvZiB0aGUgaGlnaGVzdCBvcmRlciJ9','2016-06-02 15:04:32'),('nfb2c92oxa85w59e9hvo6ud2zh1mzd6v','M2EwYzY0OTQwYTY5YmZiYThmYzI2ODVmOWZlZThlZWE5ZTQ2YmQyNzp7Il9hdXRoX3VzZXJfaGFzaCI6IjQ4MGYxZmI0NDQ3Y2Y5NDI3MTMwMTcxYWZlMzYzYjY5NTY5MGJhMGYiLCJfYXV0aF91c2VyX2JhY2tlbmQiOiJkamFuZ28uY29udHJpYi5hdXRoLmJhY2tlbmRzLk1vZGVsQmFja2VuZCIsIl9hdXRoX3VzZXJfaWQiOiIxIn0=','2016-09-30 11:46:35'),('oai77haiq78sae2ealjqh8kpqzzlxa97','M2I2ZGU2YzBkM2RiMGE1ZDFhZDViZjRhOGRhODYxNDllYWRhZjYxMzp7Il9hdXRoX3VzZXJfaGFzaCI6ImFmN2VhNjg1ZWFmYzc3M2Q4ZDRhMzBjODgyNDg3OTkyYzM1N2FkYWUiLCJfYXV0aF91c2VyX2JhY2tlbmQiOiJkamFuZ28uY29udHJpYi5hdXRoLmJhY2tlbmRzLk1vZGVsQmFja2VuZCIsIl9hdXRoX3VzZXJfaWQiOiI1In0=','2016-02-16 12:27:27'),('p0b6t8jca6t5ugq5tgyhi0up9szirhwl','M2EwYzY0OTQwYTY5YmZiYThmYzI2ODVmOWZlZThlZWE5ZTQ2YmQyNzp7Il9hdXRoX3VzZXJfaGFzaCI6IjQ4MGYxZmI0NDQ3Y2Y5NDI3MTMwMTcxYWZlMzYzYjY5NTY5MGJhMGYiLCJfYXV0aF91c2VyX2JhY2tlbmQiOiJkamFuZ28uY29udHJpYi5hdXRoLmJhY2tlbmRzLk1vZGVsQmFja2VuZCIsIl9hdXRoX3VzZXJfaWQiOiIxIn0=','2017-02-24 14:55:57'),('p2czszwt7enb6769il78xm1sry6frpfv','ZTliODZiZWI1NGE5ODM5NjkzMTIzMDk2MDEwYzBhMmM5Nzc3YjgxNTp7Il9hdXRoX3VzZXJfaGFzaCI6IjJlZTUwMzVmZGI2NThhZDUyYzIxNWQwYzQxZDI1MWFhMTg2NGMyM2QiLCJfYXV0aF91c2VyX2JhY2tlbmQiOiJkamFuZ28uY29udHJpYi5hdXRoLmJhY2tlbmRzLk1vZGVsQmFja2VuZCIsIl9hdXRoX3VzZXJfaWQiOiIxIn0=','2016-01-29 09:19:16'),('pfvlunzimbslfnw4yxm2h16rglfo61uf','M2EwYzY0OTQwYTY5YmZiYThmYzI2ODVmOWZlZThlZWE5ZTQ2YmQyNzp7Il9hdXRoX3VzZXJfaGFzaCI6IjQ4MGYxZmI0NDQ3Y2Y5NDI3MTMwMTcxYWZlMzYzYjY5NTY5MGJhMGYiLCJfYXV0aF91c2VyX2JhY2tlbmQiOiJkamFuZ28uY29udHJpYi5hdXRoLmJhY2tlbmRzLk1vZGVsQmFja2VuZCIsIl9hdXRoX3VzZXJfaWQiOiIxIn0=','2016-04-11 16:09:44'),('qu3hhsgki44esqsre4vwgd519puglld5','MjA3OTQ5OGI5OTM4ODJmODIxNDhkMDBkZTY2NGE0YjFjMWE1NTI5MTp7ImNvbnRlbnVNZXNzYWdlIjoia3RxQldKICA8YSBocmVmPVwiaHR0cDovL2tqZnBmandxaHRxcy5jb20vXCI+a2pmcGZqd3FodHFzPC9hPiwgW3VybD1odHRwOi8vdHNzY3lsZGl4bm1xLmNvbS9ddHNzY3lsZGl4bm1xWy91cmxdLCBbbGluaz1odHRwOi8vdWFwY3VraGZxbGd1LmNvbS9ddWFwY3VraGZxbGd1Wy9saW5rXSwgaHR0cDovL2FiZXljZ2pqYmpkYi5jb20vIn0=','2016-04-18 11:39:14'),('r5sxlkigkwmg4i296lcqt3x1a5icyc9a','MjU1MzVmNzM1MmM4MTA5YWRiNWEzMTVkMzQ1MDA3MWFlMTgwNTRhMTp7Il9hdXRoX3VzZXJfaWQiOiI1IiwiX2F1dGhfdXNlcl9oYXNoIjoiYWY3ZWE2ODVlYWZjNzczZDhkNGEzMGM4ODI0ODc5OTJjMzU3YWRhZSIsIl9hdXRoX3VzZXJfYmFja2VuZCI6ImRqYW5nby5jb250cmliLmF1dGguYmFja2VuZHMuTW9kZWxCYWNrZW5kIn0=','2016-01-26 09:09:57'),('rmqtyyivuj00aqi7nz5g4i9jvhg0rfqb','ZTliODZiZWI1NGE5ODM5NjkzMTIzMDk2MDEwYzBhMmM5Nzc3YjgxNTp7Il9hdXRoX3VzZXJfaGFzaCI6IjJlZTUwMzVmZGI2NThhZDUyYzIxNWQwYzQxZDI1MWFhMTg2NGMyM2QiLCJfYXV0aF91c2VyX2JhY2tlbmQiOiJkamFuZ28uY29udHJpYi5hdXRoLmJhY2tlbmRzLk1vZGVsQmFja2VuZCIsIl9hdXRoX3VzZXJfaWQiOiIxIn0=','2016-02-10 09:53:38'),('s88h9965ksc9gjs90dypk17h54teau8h','ZGY2NzgwN2RjNGQ5MjI0MTRmODdlMjBhNWRlMjg1ZjE0ZDc0MWM4Yjp7ImNvbnRlbnVNZXNzYWdlIjoiVFd4QWJ1ICA8YSBocmVmPVwiaHR0cDovL3BjbGdsemNuYnd6bC5jb20vXCI+cGNsZ2x6Y25id3psPC9hPiwgW3VybD1odHRwOi8veWNsem12bnd1ZGFyLmNvbS9deWNsem12bnd1ZGFyWy91cmxdLCBbbGluaz1odHRwOi8vZ3Njd3h2aHl2Z3FmLmNvbS9dZ3Njd3h2aHl2Z3FmWy9saW5rXSwgaHR0cDovL3l4YWloYmZtemhzZC5jb20vIn0=','2016-05-25 04:57:46'),('smzu9fpmozj6umdxhd7bf1w5rqeficjq','NWZmYWNmNDJhMzY0YjZkMjFiMzAyZDExMmIwNjllZmRkZWYyN2FjZjp7ImNvbnRlbnVNZXNzYWdlIjoiSXQncyBhbHdheXMgYSByZWxpZWYgd2hlbiBzb21lb25lIHdpdGggb2J2aW91cyBleHRlcnBpc2UgYW5zd2Vycy4gVGhhbmtzISJ9','2016-06-02 15:25:40'),('tkshtxjchuqtiiu78h0ih8ef5rcykzi6','OGQ1MmZjODMyZWQ1NzFkNTRkZWJiNzI3YTNjZTQwZGI4ZmZmYzI5MTp7ImNvbnRlbnVNZXNzYWdlIjoiWW91IGNhbiBhbHdheXMgdGVsbCBhbiBleHBlcnQhIFRoYW5rcyBmb3IgY29pdHJpYnV0bm5nLiJ9','2016-06-02 14:39:52'),('ubmuwvfvytyr2s2fzdhyx5dm20k08foc','M2EwYzY0OTQwYTY5YmZiYThmYzI2ODVmOWZlZThlZWE5ZTQ2YmQyNzp7Il9hdXRoX3VzZXJfaGFzaCI6IjQ4MGYxZmI0NDQ3Y2Y5NDI3MTMwMTcxYWZlMzYzYjY5NTY5MGJhMGYiLCJfYXV0aF91c2VyX2JhY2tlbmQiOiJkamFuZ28uY29udHJpYi5hdXRoLmJhY2tlbmRzLk1vZGVsQmFja2VuZCIsIl9hdXRoX3VzZXJfaWQiOiIxIn0=','2016-05-28 08:54:14'),('v7b1618rovjbja1h0jl8vcd9d4waeyun','M2EwYzY0OTQwYTY5YmZiYThmYzI2ODVmOWZlZThlZWE5ZTQ2YmQyNzp7Il9hdXRoX3VzZXJfaGFzaCI6IjQ4MGYxZmI0NDQ3Y2Y5NDI3MTMwMTcxYWZlMzYzYjY5NTY5MGJhMGYiLCJfYXV0aF91c2VyX2JhY2tlbmQiOiJkamFuZ28uY29udHJpYi5hdXRoLmJhY2tlbmRzLk1vZGVsQmFja2VuZCIsIl9hdXRoX3VzZXJfaWQiOiIxIn0=','2016-07-29 14:40:21'),('vbjats9nl1dma20xe4ecztnwblqzjnle','NmJkN2ZmYzYzMGMxZjk0N2Q3ZTFmODBhM2EwYzJiOTVlMTQxYjk3YTp7ImNvbnRlbnVNZXNzYWdlIjoiSG9tZSBydW4hIEdyZWF0IHNsbmdnaXVnIHdpdGggdGhhdCBhbnN3ZXIhIn0=','2016-06-02 14:41:59'),('wig9qzha979rr1cpa3b3jyaq455u9kf2','M2EwYzY0OTQwYTY5YmZiYThmYzI2ODVmOWZlZThlZWE5ZTQ2YmQyNzp7Il9hdXRoX3VzZXJfaGFzaCI6IjQ4MGYxZmI0NDQ3Y2Y5NDI3MTMwMTcxYWZlMzYzYjY5NTY5MGJhMGYiLCJfYXV0aF91c2VyX2JhY2tlbmQiOiJkamFuZ28uY29udHJpYi5hdXRoLmJhY2tlbmRzLk1vZGVsQmFja2VuZCIsIl9hdXRoX3VzZXJfaWQiOiIxIn0=','2017-03-24 10:58:27'),('wukkqvnvn2mu721r82b8lj8vam19k2g4','NDJhYjA3ZDFhYjViZDE1YzRmZDZlMjM3NzgzOGNiYzZiOWY2NTk3NTp7ImNvbnRlbnVNZXNzYWdlIjoiZndOU1d4IGh0dHA6Ly93d3cueTdZd0t4N1BtNk9ueUp2b2xiY3dyV2RvRW5SRjI5cGIuY29tIn0=','2016-05-27 09:15:25'),('x73rukiphi5a24p6th7frhzrmk0r6mir','ZDdkMDAxMWRkMDE5NjdkNGU1MjNjMzlmZDVjN2MzOWIyMDE3NzdjNDp7ImNvbnRlbnVNZXNzYWdlIjoiWWVhaCB0aGF0J3Mgd2hhdCBJJ20gdGFsa2luZyBhYm91dCBiYWItbnktaWNlIHdvcmshIn0=','2016-06-02 15:27:53'),('xy0thchpwm5a1vqonimy4pdexqp4dqfe','MTM2ZmYxMDJjODRkOTNlMGU1MWI5NmEyZmJiNDMwNDIzNzM3NTkwZDp7fQ==','2016-01-25 07:01:06'),('y8ldhn6jijl5f8opho7lo7dyjmvbf6fd','M2EwYzY0OTQwYTY5YmZiYThmYzI2ODVmOWZlZThlZWE5ZTQ2YmQyNzp7Il9hdXRoX3VzZXJfaGFzaCI6IjQ4MGYxZmI0NDQ3Y2Y5NDI3MTMwMTcxYWZlMzYzYjY5NTY5MGJhMGYiLCJfYXV0aF91c2VyX2JhY2tlbmQiOiJkamFuZ28uY29udHJpYi5hdXRoLmJhY2tlbmRzLk1vZGVsQmFja2VuZCIsIl9hdXRoX3VzZXJfaWQiOiIxIn0=','2016-11-11 14:21:47'),('y8t2rjzpvv6qaci5vojvyyyl3acz9xxu','ZTliODZiZWI1NGE5ODM5NjkzMTIzMDk2MDEwYzBhMmM5Nzc3YjgxNTp7Il9hdXRoX3VzZXJfaGFzaCI6IjJlZTUwMzVmZGI2NThhZDUyYzIxNWQwYzQxZDI1MWFhMTg2NGMyM2QiLCJfYXV0aF91c2VyX2JhY2tlbmQiOiJkamFuZ28uY29udHJpYi5hdXRoLmJhY2tlbmRzLk1vZGVsQmFja2VuZCIsIl9hdXRoX3VzZXJfaWQiOiIxIn0=','2016-02-16 12:35:35'),('ynxba4ngfhwkac0dm9vn3g7syffgy1a5','M2EwYzY0OTQwYTY5YmZiYThmYzI2ODVmOWZlZThlZWE5ZTQ2YmQyNzp7Il9hdXRoX3VzZXJfaGFzaCI6IjQ4MGYxZmI0NDQ3Y2Y5NDI3MTMwMTcxYWZlMzYzYjY5NTY5MGJhMGYiLCJfYXV0aF91c2VyX2JhY2tlbmQiOiJkamFuZ28uY29udHJpYi5hdXRoLmJhY2tlbmRzLk1vZGVsQmFja2VuZCIsIl9hdXRoX3VzZXJfaWQiOiIxIn0=','2016-12-06 09:04:15'),('zb69n9t5vur6v9f480v5s8n81y9lvft7','M2EwYzY0OTQwYTY5YmZiYThmYzI2ODVmOWZlZThlZWE5ZTQ2YmQyNzp7Il9hdXRoX3VzZXJfaGFzaCI6IjQ4MGYxZmI0NDQ3Y2Y5NDI3MTMwMTcxYWZlMzYzYjY5NTY5MGJhMGYiLCJfYXV0aF91c2VyX2JhY2tlbmQiOiJkamFuZ28uY29udHJpYi5hdXRoLmJhY2tlbmRzLk1vZGVsQmFja2VuZCIsIl9hdXRoX3VzZXJfaWQiOiIxIn0=','2016-08-24 09:12:10'),('zjqfeg2s3uw0s6xrpvjjklodqu575hco','ZDZlMTAyZjg1ZTM0OTA2OThkYTAwOWVlNDM0YzIyMDAxZjIzNzk4NTp7ImNvbnRlbnVNZXNzYWdlIjoiQWx3YXlzIGEgZ29vZCBqb2IgcmlnaHQgaGVyZS4gS2VlcCByb2xsaW5nIG9uIHRoaG91Z3IuIn0=','2016-06-02 14:35:25'),('ztrlwti69z23u7wfn7yns2kpiu69iwap','M2EwYzY0OTQwYTY5YmZiYThmYzI2ODVmOWZlZThlZWE5ZTQ2YmQyNzp7Il9hdXRoX3VzZXJfaGFzaCI6IjQ4MGYxZmI0NDQ3Y2Y5NDI3MTMwMTcxYWZlMzYzYjY5NTY5MGJhMGYiLCJfYXV0aF91c2VyX2JhY2tlbmQiOiJkamFuZ28uY29udHJpYi5hdXRoLmJhY2tlbmRzLk1vZGVsQmFja2VuZCIsIl9hdXRoX3VzZXJfaWQiOiIxIn0=','2016-03-26 15:39:10'),('zxbxaoqn70zxfgt4ktnsooulgoy0fekh','M2EwYzY0OTQwYTY5YmZiYThmYzI2ODVmOWZlZThlZWE5ZTQ2YmQyNzp7Il9hdXRoX3VzZXJfaGFzaCI6IjQ4MGYxZmI0NDQ3Y2Y5NDI3MTMwMTcxYWZlMzYzYjY5NTY5MGJhMGYiLCJfYXV0aF91c2VyX2JhY2tlbmQiOiJkamFuZ28uY29udHJpYi5hdXRoLmJhY2tlbmRzLk1vZGVsQmFja2VuZCIsIl9hdXRoX3VzZXJfaWQiOiIxIn0=','2016-05-01 20:50:14');
/*!40000 ALTER TABLE `django_session` ENABLE KEYS */;
UNLOCK TABLES;

--
-- Table structure for table `django_site`
--

DROP TABLE IF EXISTS `django_site`;
/*!40101 SET @saved_cs_client     = @@character_set_client */;
/*!40101 SET character_set_client = utf8 */;
CREATE TABLE `django_site` (
  `id` int(11) NOT NULL AUTO_INCREMENT,
  `domain` varchar(100) NOT NULL,
  `name` varchar(50) NOT NULL,
  PRIMARY KEY (`id`)
) ENGINE=InnoDB AUTO_INCREMENT=2 DEFAULT CHARSET=utf8;
/*!40101 SET character_set_client = @saved_cs_client */;

--
-- Dumping data for table `django_site`
--

LOCK TABLES `django_site` WRITE;
/*!40000 ALTER TABLE `django_site` DISABLE KEYS */;
INSERT INTO `django_site` VALUES (1,'vulgairedev.fr','vulgairedev.fr');
/*!40000 ALTER TABLE `django_site` ENABLE KEYS */;
UNLOCK TABLES;
/*!40103 SET TIME_ZONE=@OLD_TIME_ZONE */;

/*!40101 SET SQL_MODE=@OLD_SQL_MODE */;
/*!40014 SET FOREIGN_KEY_CHECKS=@OLD_FOREIGN_KEY_CHECKS */;
/*!40014 SET UNIQUE_CHECKS=@OLD_UNIQUE_CHECKS */;
/*!40101 SET CHARACTER_SET_CLIENT=@OLD_CHARACTER_SET_CLIENT */;
/*!40101 SET CHARACTER_SET_RESULTS=@OLD_CHARACTER_SET_RESULTS */;
/*!40101 SET COLLATION_CONNECTION=@OLD_COLLATION_CONNECTION */;
/*!40111 SET SQL_NOTES=@OLD_SQL_NOTES */;

-- Dump completed on 2017-04-30 14:20:43
